Request id,Price
619,186.0417624
867,102.5716891
1807,78.41048784
2532,148.5890159
3112,78.88337758
3879,68.07670373
4270,140.0642515
5510,85.18456119
6248,121.4984148
267,82.90604017
1467,NA
1983,49.52379402
2784,55.65734907
3075,112.1654333
3379,185.9936127
3482,128.15558
4652,60.08613256
5335,136.1624812
535,80.31200529
960,55.1803247
1934,172.0410291
2083,81.68435809
2211,73.51263303
3096,152.3845233
3881,90.73836275
5254,113.2842061
5434,102.1594698
5916,113.2233275
669,98.30303032
1567,91.61193529
1826,164.9920061
2102,126.3696631
2847,59.05654439
3722,86.14944633
4075,103.9530693
4686,64.98945849
5771,140.9529607
6106,124.6328582
312,93.55096995
577,147.4107401
1179,90.69310065
1756,77.44916035
2052,128.0247017
2559,151.308648
3014,112.2028314
3317,62.9281155
4297,98.6620985
5857,89.48746584
6690,167.2777385
1517,64.1522877
1999,133.9429766
2960,93.82548588
3882,138.6810968
4081,98.07101993
4740,104.3206537
5270,102.635593
6758,109.3932854
5741,73.72881222
6087,131.2020225
1039,129.903258
1273,166.2503936
2480,131.48572
4105,162.4815346
4509,179.9159505
4986,109.6119975
5898,113.0186962
6142,84.13502644
380,166.5494735
1050,130.3131846
1769,62.45712743
2520,186.9638475
3265,92.13278994
4648,100.09614
449,63.66869861
846,99.79321388
1346,78.65068901
1474,82.01632828
2240,58.41179272
3072,84.8885664
3459,62.56199881
3774,102.3821235
4023,151.8118061
4117,97.37504188
4880,102.6365084
5568,54.97957668
5994,61.06996342
1809,81.64909523
2064,175.9973023
3210,98.32987973
4350,84.25418367
4713,99.00882345
5629,70.78231106
6157,145.3409451
2030,134.5069279
3226,161.3746599
3353,96.42115203
4293,60.66582762
4936,144.4039594
5661,133.5175251
5778,100.4240434
6425,327.8602274
45,87.58642714
264,128.6696837
1183,74.60413661
1536,119.8533941
2437,108.7634199
2641,99.17096979
4077,153.7440358
4610,104.8610301
5066,82.09864021
5666,144.8682205
5923,91.89185914
6367,78.91925788
155,145.9366034
310,146.947103
607,141.5970647
1012,8391.478013
1696,91.89872998
3076,161.4964547
4198,146.4749576
4627,83.08660057
5289,64.85927812
5495,111.2911885
6656,48.83292396
139,128.8328696
215,124.0272682
1816,73.3593797
2505,104.8998787
3346,101.5097119
5294,52.9769865
6226,99.38132277
6733,118.6788134
1027,124.3832412
2675,107.3435278
3200,121.4247829
3865,50.90214876
4468,107.7211924
5163,71.24197796
6009,137.7994808
6448,89.11551572
591,120.2862283
709,104.3246704
1167,137.6789236
2661,114.5368044
2808,94.93595357
3258,66.36370866
3413,134.1469648
3939,41.31820931
4125,114.47191
4457,118.7972001
4728,98.51435166
5347,140.7446676
6147,133.7472056
6496,157.5081505
634,111.6671255
939,107.7686208
2628,154.6591822
3021,139.6524345
4743,64.9632969
4981,151.4566124
5367,108.7511137
5471,97.67819972
5988,179.5097676
6477,62.3672038
499,78.65885179
1147,94.67870703
1410,102.2352244
1804,86.04517783
1949,110.3415403
2713,133.1063975
2845,76.3715298
3943,128.0008573
4792,111.0509073
5207,92.97227815
5890,176.2015357
494,49.06013558
1485,151.1507458
2042,59.59580775
2561,196.3908446
3813,65.08082344
4260,103.5438585
4395,112.5197395
5919,129.8423168
6002,127.2925575
468,77.8149015
693,118.8813335
1178,102.5891255
2103,188.1468387
2292,54.60013013
3339,75.44599734
3694,138.6055613
4469,167.983923
6432,95.39554921
1895,57.50668812
1981,56.64904115
3744,83.09955072
4433,80.29696169
6039,61.79756592
6543,204.0840444
110,111.1659527
362,113.5697829
666,101.3318598
926,177.421447
1180,186.806559
1900,131.4586889
2506,57.99296005
3064,128.8334659
3327,147.1561521
3601,81.19578779
4768,127.592179
5142,86.11862829
5366,82.12717252
5575,132.0421768
5902,81.75334729
6694,83.3227068
523,83.02589562
747,83.86369447
1371,192.1805406
1553,124.159573
1692,106.0894417
2114,63.83393846
2742,94.93525326
4273,124.6352775
4668,181.4703758
5425,83.27113104
5488,148.0313285
5781,147.0615541
5966,150.0511748
6122,99.20637144
357,130.980344
1068,125.2485982
2689,177.1203551
2791,94.29716309
3321,164.1694391
3423,93.00305617
3761,89.82596303
4140,111.1771009
4656,74.81032742
4931,87.39598649
5268,109.2801313
5811,99.19482922
6139,114.4854817
6333,161.5407371
773,117.3939621
1123,85.31638824
2667,172.461685
2833,90.95113788
3396,119.010053
3590,149.8187834
3762,109.5832338
4566,59.22433735
4862,123.4095585
5564,102.010922
6187,80.07946577
6642,75.3586712
322,95.92138261
793,103.1165152
898,87.96010219
1258,138.9697743
2832,84.33858853
3139,50.45140215
3438,168.9020675
3966,60.89152204
6401,107.7405072
204,56.97496582
632,124.1147523
763,148.7191608
1786,99.76585265
1968,104.1646713
2088,143.8317848
2473,75.89252493
2869,67.31319171
3742,37.0719982
4440,54.69659276
5234,117.3596214
6354,60.13256353
6638,115.5602988
84,65.30626841
1199,86.67390134
1676,96.52551454
2774,60.38321997
3220,83.81708986
3718,107.709375
4904,112.5220207
6527,134.425402
6710,137.4692847
1584,104.688904
1966,122.4215246
2827,142.9600702
2945,75.26203866
3365,125.4640558
3548,167.5054475
3753,190.5238687
4569,123.9530317
6309,115.4792195
6437,63.31370376
517,96.92891375
1406,130.1258287
1643,73.34282578
2108,85.9554394
2647,80.48331434
3129,118.6092173
3738,66.03595453
4422,119.7926106
4790,153.5270088
5496,86.98977962
6484,82.28685154
6731,200.1466001
629,69.61846173
745,151.4498937
1064,100.3712403
1886,54.58888146
5608,89.36681256
5877,74.88117105
6100,96.66488213
6659,74.90439948
2162,114.0883194
3294,101.6293888
3686,135.6122059
4784,59.15658095
5896,99.05594419
6190,72.26088665
6551,134.1284797
145,169.274435
735,141.4933011
918,70.07785867
1478,101.7354822
1957,101.3311694
3097,144.6660825
3981,55.91147146
4175,93.28602448
6237,83.14261269
738,107.4385561
2731,89.07325331
2863,98.6599695
3528,63.32442873
4653,152.1830498
5042,109.6148985
360,143.0994806
771,107.6504006
1274,218.8266997
1501,99.96169775
1972,55.75730777
2871,101.1105991
3395,69.03176486
3572,100.1182627
4118,92.90338737
4739,80.89027153
6556,66.01375907
6677,91.98805914
1104,159.2927201
1596,86.86528813
1835,129.2400105
2110,131.1362541
2759,92.5536311
3010,145.2394716
3403,46.35279038
3856,105.6979034
4472,128.8050949
5199,157.7247528
5612,149.2768057
6614,185.2068325
191,107.7123988
333,131.1253618
488,89.36481707
1780,128.2153975
2235,106.7345367
2516,195.4345417
4209,99.98696872
4726,135.1603461
5088,192.6420332
5352,68.72112847
6024,185.1037669
6196,90.94271221
6297,58.59955342
125,96.80144422
1611,98.25835713
1814,93.48839772
3088,70.65663122
3384,98.04800401
4218,73.22077073
5757,99.33855878
5958,143.799253
6314,113.1436761
249,70.17913756
728,150.0070574
3042,146.7093088
3620,132.3554239
4276,116.2689997
4735,179.3911099
1353,63.32193216
1568,64.02936932
2465,129.0035476
3688,145.0242869
4727,83.21047107
5348,131.0298544
6537,149.544382
1941,82.46495004
3766,122.0147141
4243,76.28018788
4717,110.1290834
5682,150.9215675
6343,85.24238338
6726,73.61499668
238,117.7909131
2624,115.7580078
2787,62.84199463
3992,84.52536435
4974,61.25061259
5478,166.6877359
5641,44.96936482
128,78.99134475
627,136.4728693
1766,126.87186
2089,112.2574492
3565,82.98578752
3954,153.161934
4204,87.06187947
4651,134.6711269
5814,175.1950679
6062,91.59125098
118,74.51830528
339,146.2297738
766,143.5563822
1133,114.1907614
2458,111.8636275
3060,126.6517652
3653,65.23246871
4321,118.8627442
5672,133.6125273
1698,105.6740618
2098,49.59676946
2733,166.0985155
2917,49.23317145
3151,88.01627443
3358,133.0236071
5435,119.2975175
5717,63.1768889
635,135.7270804
1275,155.3769494
1562,137.0143343
2908,145.1013542
3414,129.6235424
3638,78.81254379
5132,54.25342101
5422,87.60389182
5724,182.9913255
6026,76.21594631
6416,114.7526684
995,44.04149721
1771,79.33877657
2729,60.38270263
3416,59.62834327
4286,104.5317389
5012,101.1110895
6761,72.95226809
5638,83.07648782
6191,120.5768302
443,80.83919007
1299,91.03874763
1637,102.3741763
2099,193.2893433
2349,122.3179379
3081,96.29854791
3555,129.2314155
3798,71.47121995
3982,118.7208058
4082,89.29553571
4672,160.2413422
4937,118.4335884
5594,131.0106438
540,110.1139788
1533,68.90060078
2359,113.6393416
2603,79.58201642
2965,55.10677384
4002,114.008093
4364,70.81862066
4614,74.65297492
5235,141.6465404
5979,91.05187737
6145,117.8670768
6363,75.16095177
2481,135.1973056
3328,90.3172314
3908,157.2089397
4416,85.81869798
4966,103.1548487
5243,104.2907251
5697,95.70626193
5864,100.1322186
6530,65.90921756
686,66.91336106
777,137.0328063
1455,51.61702489
1906,67.2829009
2432,61.67565353
2977,136.7741793
3964,70.50319988
4182,102.9813832
4679,105.064164
4997,68.04821871
5600,167.0376599
5910,117.818041
6597,84.01976333
64,141.25132
687,71.05776228
1625,114.0697536
1958,81.31853858
2160,93.39287825
2517,120.6804292
2894,154.1351784
3739,81.03884029
4737,176.589215
5064,111.9347351
313,110.8698323
2107,115.511473
2819,195.8693571
2932,61.01071643
3593,145.5653008
4760,170.657052
6681,134.5146582
234,125.5476279
425,118.4437931
1528,66.09576978
1671,142.3110056
2223,127.5471722
3268,120.5317704
3530,125.6275713
4765,173.9279345
531,84.84438434
1721,70.7049831
2665,103.4379182
2951,110.7673091
3786,111.3480721
4049,183.6988476
4079,149.341563
4233,135.3551117
4884,108.5294873
6350,112.3216404
1914,158.0159839
3205,176.058386
3448,109.3405121
4628,103.5512711
5418,117.7611361
5654,184.8094262
614,149.7480739
1340,83.05116849
1576,131.1302208
1974,106.4758129
2597,159.1416622
4690,83.57733583
6267,85.06089596
660,110.1559006
943,135.4825705
1445,186.0941698
3070,116.1965335
3440,70.02466758
4503,120.3855082
4771,42.81987384
4797,110.2888184
4898,109.215733
172,68.67840879
518,143.0835531
843,78.81373414
1070,112.2194948
2078,75.59476212
5382,48.06374569
4119,149.3722232
4623,92.2670897
620,133.1344616
1286,76.91701136
2482,122.3816834
3672,11359.24272
3959,75.78680072
4659,109.0764759
5060,87.27405772
5942,136.9040317
1349,95.87330944
2192,143.0288939
2323,179.3966755
2717,112.157103
3338,95.80641214
4475,71.50132449
4786,77.23623113
5017,80.00895105
5580,202.398833
6066,94.37815323
418,94.98904337
608,120.1749406
1842,55.02801581
4004,103.7234384
5791,84.02395617
6548,75.75160409
121,121.2303447
571,154.5984185
2444,196.4759389
2815,75.67386381
3510,105.2698313
5013,95.90657632
5457,92.51517199
5940,101.2608816
6197,69.622265
6660,94.87796811
584,143.5604595
1741,81.74076325
2031,56.46022252
3158,120.7656063
3955,149.4736534
4384,149.2782835
5224,149.5474382
5394,106.9484153
5511,138.4069469
744,74.5289169
1634,109.0787539
1911,134.2589011
2608,89.15275379
3456,116.1355669
3561,101.1520622
5216,129.2092442
5573,79.26318033
5952,63.26694456
6093,123.5065016
6749,96.87656907
250,156.885382
781,138.5223312
1681,110.3360874
3924,61.79657898
5271,108.100412
5899,71.52626614
6273,108.6907847
630,140.1734792
679,87.80588221
782,83.18184131
1329,75.2925316
1712,93.65382141
2033,69.57411677
3094,74.58931404
4709,139.9549256
4948,176.5266334
5597,90.57390902
6747,182.2314437
1480,118.4340734
2013,113.8340577
2867,102.9694465
3377,92.90724626
4108,81.58356127
4368,89.05898238
4787,81.58431424
93,69.33003567
402,75.12839371
582,121.5819449
733,91.49230864
951,82.98950638
1889,111.6833725
2046,82.97441243
2664,59.93681689
2936,163.3453817
3740,72.65467075
4482,86.65469069
4718,90.86303379
4908,59.9341098
6278,75.51540098
514,168.6086589
703,76.66781259
947,57.62420074
2252,68.41019087
2896,127.5853474
3583,96.98000062
4263,127.1249896
4398,112.4294191
5029,84.0807833
5554,70.24824199
5746,82.48919354
5986,143.1227437
6140,116.1572098
6554,117.670007
467,83.44843463
615,112.9473345
801,180.9798315
1587,183.2215053
1925,103.5264018
2527,114.9359422
3065,52.53957777
5031,82.40498257
160,107.6568107
2029,108.5649438
2543,90.64792988
2941,83.91359325
4766,91.25753741
5349,54.77992765
5409,149.0991832
6698,107.027767
81,165.7907804
370,37.87884308
799,85.29309034
1300,44.60002568
1805,118.1635212
2410,107.9157612
2723,90.02831063
3240,48.53237115
3424,158.0638087
4188,78.13288442
5617,175.8826762
5932,185.9609447
6699,113.4520103
285,55.47271647
754,102.3047541
1449,156.2997794
2764,88.71779632
2859,137.3161937
3036,118.2093192
3934,125.2282132
4486,57.49268026
4996,143.2205739
5133,63.96885399
5887,77.58544408
6402,123.6635585
462,125.5743622
817,139.5319796
1790,105.5526955
2014,52.62517159
2165,91.49932749
2627,106.1848375
2968,89.18102099
3282,87.08251808
3544,132.8446922
5552,147.3308085
6657,89.2191681
88,193.2483685
201,145.3451706
847,110.3997006
1585,118.1063306
2116,69.64224164
2800,65.94577261
3066,73.43325398
3640,110.9823541
4162,192.6456011
4892,107.9298556
5038,67.07592294
6417,107.9738324
376,74.70239341
899,173.4058364
1112,93.79529363
1444,164.8192449
1993,127.3394596
2417,200.6161369
3318,102.1645649
3529,107.6137186
4322,61.64742905
5861,196.2741637
6519,76.40832716
34,138.3862295
637,162.2291906
1005,108.2784938
1293,100.1740077
1664,176.1302055
1915,128.0170151
3262,102.5386979
3546,84.41013242
3977,61.59333955
4300,117.8059806
4680,99.5541855
4812,130.0982781
5972,80.23709372
645,104.6750308
732,85.31217324
1215,147.3178173
1450,125.3241078
2044,110.4634729
2420,94.12770575
3944,75.15582638
4369,103.847671
5070,100.4158503
5822,125.7891592
6723,123.6468103
3,99.93144983
70,94.17316536
256,77.11831991
702,94.36572645
769,103.345504
1277,69.416639
2062,100.9428105
2399,89.07436752
2645,64.32952776
3468,82.36982555
3826,68.50112534
5384,128.4798719
6460,62.9255836
269,152.7855716
336,121.7992767
1241,154.3322854
1651,85.15842971
1963,166.5897196
2368,127.9452091
3004,154.0400881
3310,109.1219992
3391,159.2889648
4194,68.23348933
5728,114.0653202
6091,91.90039989
6748,140.7678185
286,136.7813709
547,77.85400328
574,79.66671876
936,95.02219164
1514,58.37750219
1656,154.211702
2405,118.1237186
3372,48.8116767
4215,115.0580857
6486,78.01512753
520,144.6685474
1285,129.4499996
3394,62.57717139
3520,137.5558709
4998,175.766959
5377,159.8220895
5759,97.05136814
422,111.0960042
578,106.1370105
3035,162.377115
3728,163.3138682
4097,94.58323458
5184,96.23414125
5404,133.5414852
5525,207.9186397
6392,140.488967
603,179.2766983
1956,116.2742404
2914,94.66369854
3434,98.99617573
3454,188.4465406
3809,71.49854361
3947,90.74329509
4319,179.9121882
4716,75.5080662
5790,142.1107676
6205,178.3904124
6727,133.4176962
51,154.720021
446,150.3293863
1252,153.6328491
1380,124.4244278
1638,68.0369022
2152,47.37162174
3125,61.86240844
3366,123.4664937
4632,126.518725
5924,95.50874075
6133,49.36719652
6316,79.19585445
6609,139.0995606
246,56.23717906
980,127.001784
1677,102.7125065
4620,178.4709694
4848,116.7721018
5402,71.90552528
5971,105.2739033
6113,160.5936278
6508,90.58688561
746,95.10499657
1488,154.7981249
1838,55.65921777
2839,95.63060278
4391,182.0441242
4701,99.90873987
5171,97.45668391
5962,138.7678048
6118,89.99034589
6450,118.1802238
257,116.6483753
708,65.27219267
891,170.5574125
1748,107.5630299
2625,190.0769408
3989,142.1252874
5285,59.50140795
6461,112.2830734
1563,157.1403271
2207,165.0068727
2879,80.58863125
3644,122.0525792
3996,107.0117856
4355,64.23607479
4758,80.51449251
6001,111.9774227
1181,124.4031818
1297,59.77346208
1429,84.15519114
2104,150.7266148
2736,176.6798489
3615,78.20115639
4719,166.8474209
4748,177.3319663
870,66.65335159
2124,59.66689728
2457,183.7689454
2621,91.96899354
3168,114.9914474
3285,160.8326439
3315,169.4695903
5585,163.093183
6235,90.96744342
913,110.394702
1852,198.9160086
3117,84.18933448
3392,56.24590513
4722,114.6548802
692,80.50356174
1351,134.2715437
1800,143.8667697
2434,106.0938185
3212,134.7948055
3340,117.4558671
3598,144.3071052
53,125.4307516
3558,92.00169285
4257,152.7297393
4869,48.17624585
5548,76.7153186
5630,86.29145773
6645,138.7263978
156,91.96679599
350,118.4931266
976,145.1408007
1344,156.7179231
1524,123.2392219
2143,70.6270218
2353,111.4282917
3028,113.261344
3913,96.84974476
4274,158.3502196
4673,118.8202434
6198,73.95388188
569,150.0331122
1626,117.3509143
3505,110.118007
3758,99.25201176
4649,131.6436532
4745,90.88326075
5354,78.60251584
5953,156.5389322
6577,65.22153459
1565,116.696661
1973,68.75913692
2363,96.0451949
2994,85.58894778
3201,97.65253935
3511,166.9753623
3956,114.3783259
4359,81.45397929
4798,129.461805
5955,165.0500513
6117,109.6465536
6252,74.81243648
101,85.58569326
351,143.1798464
871,120.7171083
1330,137.7761411
3227,106.4889671
4921,105.1764379
5373,94.13129339
6612,68.66771445
50,84.3314045
102,55.22801584
211,85.52935789
510,169.7997715
1548,158.1556497
2208,120.8552376
4030,80.57962425
4370,65.27384739
5834,184.4549151
639,75.15184262
1451,111.1001645
2335,126.2070447
2572,119.0272929
3326,95.15149561
3916,202.8622605
4514,164.54293
6604,86.78203081
373,178.5617109
1338,84.77726587
1830,123.5467988
2274,98.89944665
3224,51.53429987
5321,60.34076082
5520,96.83835925
5842,73.192743
6429,87.70280231
6704,168.0768663
2057,62.88204933
3723,105.6115935
4492,160.8719272
5153,171.4521932
6531,88.96546771
521,155.2878766
1850,78.98386073
2851,108.4732689
5380,102.4499304
5917,81.50616424
148,179.3512702
1113,89.39050504
1758,73.30137348
2395,128.3936633
2708,136.7063881
2995,133.0342802
3993,80.39493314
4724,52.86608497
5144,102.6112156
5572,140.0836311
5740,168.3938688
5938,120.4282537
6299,110.7962714
6695,149.4830687
507,129.1481952
1135,129.8714489
1479,94.1730679
3275,127.6858503
4078,136.5869985
4176,68.39438452
4776,166.2596087
4899,113.1110104
35,69.94211867
161,52.16007564
831,131.0633237
1080,76.59711432
2496,88.96197259
3141,54.27998137
3297,58.77147657
3602,52.06730579
4150,87.36401042
4361,106.1348162
4642,96.56762758
4752,100.9528802
4849,143.0350906
6199,85.26661711
241,126.405581
1339,149.383793
1454,145.7631924
4342,148.5406826
6766,145.0077472
6213,103.7496251
41,57.8590176
279,119.3212751
952,71.60029413
1200,181.0731826
1775,142.9839038
1953,106.8564465
3270,83.06700474
3497,106.9472748
3897,87.00395837
4601,61.14531725
4621,87.28483151
5061,121.6705712
5359,152.6094675
6179,172.3809883
469,80.82176604
914,98.63291726
1386,114.7338264
1935,150.9084035
3243,105.2964165
3449,70.07225077
4500,165.2447524
5328,78.32286745
5576,72.34864684
6112,178.5948834
6438,90.35406349
707,63.10591159
1136,76.9403529
2961,144.9973316
3428,110.8267408
4045,39.69911895
5399,108.1678566
5730,124.4166845
180,65.22179367
1694,114.2471423
2294,146.0710383
3630,108.253583
3978,67.81228061
4426,105.8141617
5115,142.3131748
5558,55.32320925
5827,79.68339254
6063,53.66277883
6691,142.7177304
170,97.78398594
1326,94.99611186
1476,96.52872433
2937,112.5515318
3973,118.0302195
4644,60.9607844
5086,128.3609935
6572,76.85775243
6755,175.099371
1483,157.1394842
1844,57.4319278
2120,104.078221
2411,53.57344942
2903,81.45341824
3289,79.00439962
3859,81.33328008
4313,150.171831
5325,123.9752889
5906,58.8370994
6049,103.4706699
664,104.0874691
750,67.23054663
1950,57.71184281
2989,90.65272264
3266,126.0775947
4358,103.0882981
4720,89.68390541
5019,74.08514982
5925,53.89430497
112,125.4727153
213,74.79643413
1818,117.7024398
2018,63.64764285
3231,133.1206226
3378,82.15672775
3896,131.0616733
4828,70.21487707
5944,137.3072893
6245,144.7141174
3957,168.4803978
4066,103.6029998
4691,116.5029572
6153,119.1168174
260,162.8552652
1077,93.43259368
1316,76.55952297
1754,135.1457808
2086,99.47283893
3044,106.9737558
3295,111.5691276
3347,101.931958
3801,61.3050333
4249,111.7465627
5096,96.75195877
5892,140.1634384
6281,180.8508686
6497,64.08553454
13,69.85153791
1907,175.7281093
3074,131.4059109
3441,185.9265874
3651,178.8967337
4093,83.97391576
4339,50.86708258
4753,103.5959169
5933,112.1143075
1184,117.4003574
1402,86.41565437
1597,160.7157062
2702,134.5015799
2996,85.90578
4857,86.6505101
6661,154.4362312
134,161.8036303
598,60.97337412
726,123.8024989
832,62.1967429
2065,167.3857234
2701,132.1657129
3429,107.7883156
3645,102.6797983
4958,105.3031249
5474,151.1617589
6088,141.6698666
6714,121.7373399
1024,88.40005565
1452,81.48261244
2507,65.42806116
3052,160.8037092
4702,41.87050681
4830,138.8967322
5920,51.35026707
533,160.8784527
1368,78.18683381
2499,104.7418038
2962,129.8924278
3617,166.9320397
5370,80.83894327
47,146.2319141
270,149.6805971
1007,69.62617591
2372,57.7025968
3584,152.9759707
4645,157.239606
5219,159.2082011
5559,103.4480646
631,108.3881254
775,114.2957311
1006,66.18932197
1995,122.603417
2248,61.65309652
2540,64.52814074
3037,144.0687649
3419,46.58419574
3987,61.59243718
4458,109.7171333
4987,158.4253924
5868,149.7363713
6413,60.03432802
6533,87.84253763
90,75.15803863
532,163.0973339
1110,139.1390619
1759,103.3283488
2147,145.5657874
3254,145.2856247
3381,89.54416796
3656,125.2926933
3948,49.18390949
4520,137.7576411
4723,121.0020841
5176,155.2175811
6338,96.55239407
6557,96.61849341
504,121.0416437
640,167.3225251
1206,117.2917246
1851,125.6531762
2412,143.7730982
3300,129.7137511
3648,90.00914539
6020,89.69252118
6682,55.70950262
878,93.05430074
1014,89.26304822
1628,156.8677715
2416,148.0820253
2974,178.9150912
3273,100.0658292
4210,129.5160033
4454,85.04413216
4732,150.7484553
5024,151.9166335
5799,65.83436835
6676,132.6576824
343,107.3194606
1002,94.27010872
1571,139.1436666
1954,52.76718377
3436,88.4830293
5193,118.9343759
5555,99.84172568
5674,79.03164874
6596,131.5292697
123,123.1350119
479,193.4992792
657,91.76991656
975,108.3310722
1307,40.81691985
1672,56.80654781
1942,116.2659849
3382,85.90082005
4284,71.46060555
6734,115.348235
281,113.213333
1902,164.0086342
2691,153.374237
4430,65.76512891
4779,47.79749953
5097,141.6207712
405,123.4459173
585,113.4929549
729,99.034261
1046,91.66450821
1663,124.9940326
4027,111.2480578
2876,74.16430354
3767,49.75654324
5948,94.03930943
6027,80.52263541
701,100.2188589
1529,126.5828006
2060,75.37740772
2262,77.09295234
4425,84.24760329
4710,58.3640655
5732,80.4095441
142,94.00372175
430,121.6316034
612,115.6856533
927,61.48307589
1010,87.29651851
1845,187.3772992
2234,84.32247076
2633,125.5039071
4012,75.21436192
5039,68.83882469
6760,78.58930255
5681,79.21366136
6253,104.3800831
6558,144.1578114
565,96.60631485
599,134.4248551
1772,67.96500955
3357,96.71138275
4408,100.5514481
1363,116.9861425
625,150.5504628
1636,71.00236191
2253,173.2766706
3471,99.65105077
4402,95.32866141
458,184.6379309
681,122.9897623
1084,51.31451446
1896,126.4233313
3132,159.1381541
3940,85.9085262
4943,96.51541367
5537,48.62312448
6310,66.76554541
6587,60.01153728
6756,129.8545871
97,58.73078893
1266,142.083128
2118,138.517183
2906,136.5353474
3432,126.463356
5921,55.25405663
6192,129.9150316
6705,156.5501885
242,128.2005225
1359,147.0189175
1865,156.7573451
2024,98.50701862
2768,48.23161161
3067,107.4622382
3316,96.50237435
4084,107.8833521
4858,84.39080339
5566,175.842439
6384,142.9632207
2001,105.2356148
3483,116.2143356
3990,51.76083449
4531,167.5998439
5518,155.5231011
5869,123.3482123
60,106.8494857
282,113.2924618
1614,58.11651551
2331,207.7909476
2825,66.50673074
3411,151.4078625
4143,71.16713677
4637,124.7760276
4729,95.89499299
5318,88.56674411
6619,134.5437095
444,101.0892126
1260,153.7172522
1976,127.1056121
2096,92.8551015
2732,131.8412004
5383,56.68517775
4156,137.2730922
4761,56.91702496
6446,96.5910001
6610,168.2361545
638,97.59585873
1644,110.8547217
2040,84.67410869
2794,105.7455379
3172,141.3464212
6559,151.623448
243,57.67308379
296,78.63687454
677,86.82913267
1360,176.9758317
1916,58.24667576
2397,57.7351289
3624,87.58995884
4799,137.4791869
5241,60.46207507
6380,162.6514949
998,89.69430428
1281,82.29909827
2045,41.75906326
2424,103.5261806
3162,47.5052755
3222,130.0451583
4098,87.33116525
4905,102.3403847
5622,124.7090137
318,121.7560824
557,85.37309312
2034,149.6927694
2392,163.0462022
4542,62.50541682
5500,93.01944286
6382,119.4964597
6575,104.581816
1827,102.3020126
2095,86.83194344
3092,57.02220833
4813,156.7767775
5164,55.66037667
6702,95.49983241
429,123.0158386
2681,135.3953886
3160,64.08465892
3400,153.3830124
3889,94.27185288
4151,119.4162152
4738,124.1102123
4963,197.0763388
311,91.87991125
928,74.67440084
1468,116.7823902
2677,72.05139505
2916,196.3239024
4663,80.23339984
6741,52.80796775
48,175.7899922
838,81.49840946
1657,89.24224659
2032,111.7655867
3507,74.3356605
3780,89.65199434
6180,100.7881947
6615,95.87685762
797,129.79322
1564,120.3782434
2075,178.886884
2822,57.26972508
3387,78.21764788
4315,97.6585591
5549,77.83619513
6284,96.29166154
6403,100.5587218
6684,98.19092459
451,88.09858433
588,87.94454013
671,141.5015172
1369,89.18113899
1688,55.47355509
2861,189.9906391
3354,130.3047152
5141,102.1685711
5460,66.50189093
5904,70.77710654
5973,110.555804
704,110.4043205
785,84.74231704
2631,120.856439
2911,77.1961226
3360,93.90357654
3667,104.8391131
4624,84.53031749
604,115.2463514
1464,124.1616349
1810,79.86479862
2009,98.91482842
2166,175.4749868
5379,134.1443512
1367,159.3229186
447,123.0115739
1682,94.44298417
2043,95.96761956
2796,66.73198185
3945,95.28186553
4196,142.6646805
5174,142.5224871
5480,201.3692026
5883,105.4981637
6013,71.27173782
438,138.3853791
636,118.8091274
1938,73.21854047
2129,166.8925511
3337,158.353264
3472,69.67823065
3991,64.5012795
4221,85.69711726
5719,69.09868709
143,67.48094031
784,53.42065366
1020,96.47158295
2934,90.07730023
4073,88.37626983
4751,148.2123742
5275,102.0920168
1262,133.3102203
1600,56.63506279
2016,150.9120583
2370,52.89203977
3192,143.8170002
3367,54.56091516
3952,102.783427
4517,76.19431758
4944,67.97810226
6037,132.2394255
6385,169.5522807
398,182.7961318
2163,69.36305393
3985,188.0129177
4780,44.6902777
5453,112.2752662
5807,68.43348235
6074,115.4603925
6651,78.66632775
223,90.74010495
680,116.4594058
887,89.36590139
1689,113.6138245
1939,86.71538431
2182,113.0333879
3223,98.21580083
3819,108.0387746
4823,209.5502533
5431,94.80177884
6353,58.56867523
163,189.2412678
706,180.4779348
1214,64.69623637
1399,163.8424452
1574,130.0549718
1870,73.37460166
2267,135.2573975
2658,93.97378116
3048,78.159077
3301,84.42991239
3477,137.7912848
4371,106.4507839
445,142.3845473
1100,64.57878651
1961,52.18026296
3215,132.7148466
3997,75.95643885
4385,78.75065044
4736,174.208797
5291,150.8755993
5350,135.6560069
5768,135.781288
675,83.90675933
1996,167.6368827
2510,129.6078953
3969,108.7367067
4397,123.9869459
5326,126.0879213
5987,96.13374783
6152,129.6392312
6317,59.82532781
602,212.5936506
981,74.72348865
1317,110.3932909
2112,68.24142207
2365,71.49874234
2849,123.6545413
4573,124.2085175
5095,184.1108666
741,124.5772703
1873,109.697554
2134,68.64709582
3461,136.2689214
3711,101.4217686
5001,65.20290247
248,99.26251868
1321,95.52398103
1997,80.85083121
2544,43.42741128
3863,112.5977102
4336,138.4396602
4754,83.44553928
6620,123.7947669
500,77.21603564
1518,130.6890632
3082,87.09331517
3478,91.35229187
4539,190.566369
4791,111.4782839
5263,47.99021582
1679,91.59109368
2276,113.4669285
2747,91.56700074
3370,120.9056963
3741,171.5615998
4266,116.1526251
5596,64.1792701
5961,159.8028732
6418,96.73862123
759,63.42709631
2524,123.3369687
2769,81.52439631
5071,102.985098
5287,76.54962245
33,200.3820986
2692,134.4147277
2835,117.5557785
3122,85.50657529
3465,112.0779535
3857,162.5986848
4343,123.294768
4417,116.0784025
5756,113.7107359
5907,102.8094319
699,161.079426
821,56.1172724
2085,115.7585771
2346,69.0614471
2704,113.9455536
2901,101.9431384
3475,82.75758922
3743,100.1142406
5209,97.04773876
6674,105.8918752
714,121.4417301
792,84.73794968
1341,92.18729264
1745,77.29613369
1971,160.4644698
2632,147.5897161
2935,65.72862834
3142,184.8592798
4516,113.0375132
4605,139.1804269
5936,123.593191
6621,83.14437189
752,130.4679212
1336,56.68542816
1836,106.2841181
2447,148.6295041
3517,128.0734453
3831,87.92309857
4136,75.34625526
4700,94.04047302
5484,93.30859272
5900,135.3015998
6634,98.52054675
426,96.93014618
1320,132.3444632
1588,86.95159222
2375,121.5901093
4411,94.04139197
4769,88.8057719
5149,102.8969788
5659,166.9458028
545,84.11418929
778,59.35062963
1289,62.03667749
1654,101.5663514
1945,136.1941045
2460,119.9884229
2877,172.1341482
3264,184.8743013
3927,124.5246947
5774,142.5793649
923,127.0540368
1439,50.0792756
2130,114.0500186
2797,142.1658847
3135,70.62410245
3525,118.8536509
3925,112.1191269
4087,166.8940891
4706,109.7528008
5448,150.3978286
5645,72.46763129
5862,81.26227956
6079,79.31861905
6648,132.8011802
863,126.8779728
1324,159.4843299
1666,149.9730716
1797,46.69655191
2279,93.23757139
2997,65.6891829
3343,72.45285184
3625,131.943369
4310,116.9654565
4750,163.7896929
5185,201.2370395
5978,86.10658333
6073,81.68799009
455,116.3512261
651,106.5411819
742,82.34457687
828,51.6691233
1701,130.6162069
1985,109.5646205
2277,97.792665
3108,187.2403593
3880,77.90792447
4252,97.96424888
4646,169.6506037
5560,121.0113788
483,69.63227452
628,89.68891836
2285,55.95287402
4024,74.43147013
2952,162.6624792
4631,129.3017174
5200,92.34379634
5711,78.85668467
6399,81.88962553
6453,93.66006767
788,85.28665902
1550,170.9890656
2069,65.69205722
2593,105.2017597
2943,65.69143597
3649,162.5890543
3942,103.692519
5512,86.08341185
5752,100.8785838
6362,92.53308915
1151,130.4835942
1812,117.8712203
1946,159.639546
2646,139.1734708
3255,121.4083202
3431,120.2038145
3634,132.2385194
4592,77.02930463
5705,88.34719426
6056,74.56861303
325,179.171774
1015,127.5169703
1308,180.7607049
1667,50.9004582
2436,58.62765637
2865,110.0726607
3397,82.32605391
4040,109.237099
4094,97.60277238
4568,85.21477516
5105,98.31167239
573,89.79126175
789,70.96593361
1525,86.63906725
2786,55.96109308
3143,94.40179539
3917,168.4259624
4375,126.8495871
6345,193.6230872
169,157.4785535
537,106.2922406
682,117.249989
1384,128.0023533
2167,149.4557263
2295,39.7824302
3109,134.2158403
3293,71.06503558
3444,201.028987
3660,44.24293704
4693,133.8220586
5214,110.3632378
5570,38.70006556
6003,127.5989264
6663,79.53739791
616,70.78298717
1056,85.13202138
1903,107.8079367
2643,83.23719393
3291,161.3379842
3965,50.92945281
4007,72.78431919
4234,158.4381244
4388,133.4840731
4964,93.46658645
5544,71.87282148
6217,54.03374168
1345,67.85526651
1874,69.25113914
2413,185.7846557
3068,93.59638071
3452,50.82117187
4031,88.80498718
4438,76.57366831
5521,156.1479202
5832,139.9267363
5990,157.2911124
6254,87.54748003
320,170.6320764
717,139.7282444
2074,142.3760039
4576,123.8059937
5503,109.6755232
173,121.5195799
698,112.1016842
2039,112.4205979
2467,93.15830786
2676,78.36283599
3038,148.9403106
4003,157.4104122
4126,147.7264151
4611,100.1628613
4975,84.69615769
5664,76.37245741
6006,171.5420576
6329,105.0115787
2779,118.547878
4216,131.2425569
4711,84.68681255
4825,126.8230846
6175,103.7775178
2445,122.700459
2714,90.62945367
3089,77.08170695
3462,60.04705947
4462,74.20071231
4698,96.83564033
5098,52.11272828
6711,111.0751701
146,105.7713697
652,103.9882114
1947,51.90324629
2236,136.3501545
3393,183.7858428
4577,162.3251044
4932,71.02819291
5419,48.30403272
5766,99.09295428
6261,143.6925212
800,85.81997904
1484,80.37466687
1989,82.61709258
3850,69.26513298
4441,94.06129692
4783,110.3310741
392,99.61928099
653,145.3261604
1283,165.6312504
1860,92.61010232
1910,121.0171292
2259,168.2080569
2752,61.08079797
3385,81.29313241
4915,114.977452
5957,99.48697466
5992,82.33274896
6160,113.7718712
21,80.32428773
106,57.93999519
512,95.64010883
760,83.1498549
1098,84.06366087
1314,111.6706825
2746,101.5740343
3140,129.8197649
3314,89.58226236
4157,66.80995494
5340,158.6738183
6257,93.70766829
564,165.4079924
1271,99.64067216
1647,75.55400572
2767,96.54449813
3646,71.43235081
4865,149.3009924
6055,96.30307213
6679,93.21849562
283,60.46104381
489,81.18928997
1559,74.71109636
2545,57.92727876
3333,118.1672981
4037,80.76088367
4578,121.7591448
4664,80.04433227
4756,106.6423616
5843,68.35032055
6045,66.30402642
6735,98.67457173
335,89.49007705
558,151.0475055
844,101.521642
1186,193.2674246
1705,126.4179762
2469,84.21030291
2975,124.8225159
3641,99.84599604
4476,110.3188856
4969,42.39520479
5737,141.6090298
6102,57.07708102
6721,138.6174213
11,111.8856484
519,179.0525202
1994,154.801526
2483,171.1616403
2635,100.5111324
3545,74.05932027
4730,147.4960564
4976,66.59683605
5789,93.91259947
6030,167.4921845
6616,53.05831299
165,63.10766532
1706,93.4748852
1821,101.9567928
2629,87.87688515
5227,153.4368568
5374,104.6806828
5823,109.906588
6007,106.2762303
6736,67.91032867
590,94.56687001
779,74.58173242
1085,119.3515754
1435,110.2968941
2007,121.2448011
2381,119.4458018
2912,81.87552046
3453,157.0792289
4180,72.18375013
5122,84.20239452
5531,113.4526482
6582,63.89971986
406,114.2091656
740,76.65091758
1312,89.62913997
1540,113.9928228
1962,91.32759101
2173,152.4972027
3375,113.7060661
3540,57.59953228
4671,82.35117165
5336,107.5199501
5734,152.8745709
197,106.2213983
819,96.90818296
1527,203.5246994
3229,166.8070268
4638,132.4564979
5075,71.59045019
5455,95.27460606
5738,51.59434513
6167,87.07593612
220,94.0047955
909,125.8569673
1306,167.5638513
2998,48.59152855
3415,184.8319263
3789,82.83286902
4227,95.78034093
6490,82.97946515
6712,58.81783173
583,101.0277173
772,147.0423879
1142,90.36276842
1436,80.14234823
1986,56.08608457
2508,152.4772207
2788,160.9392963
2956,130.2344323
4518,126.5065698
4681,85.62137323
5041,158.1006355
6176,129.4163313
542,122.8623969
605,89.01156358
1908,142.6815243
3662,127.6389068
4254,129.0010241
5337,90.90213708
5430,126.8257862
6630,90.48050608
297,81.91516029
501,88.80788725
826,119.4618321
2339,94.0153042
3025,120.7201613
4803,140.2389612
5893,64.72569952
876,58.73948857
1318,94.53311449
1477,156.0352241
2084,131.0203284
2354,108.4006861
3407,117.5203145
3703,99.22774544
4085,84.15360422
4625,128.1413305
4866,105.286933
1278,86.87837173
2037,118.7543589
2567,121.5612772
2829,156.2831022
2918,87.91819352
3362,105.2021418
5615,180.7516579
2008,172.9338099
3031,144.3446618
3500,86.20037499
5079,70.70161969
5967,99.90930387
6375,159.6969246
1551,85.21971123
2041,71.32369884
2666,68.96853694
3348,133.73166
3518,82.61213085
4205,91.91405978
6346,81.4449114
6433,88.70120273
1471,90.84000548
1808,133.5408107
2017,71.67252233
4483,74.83148674
4639,101.3107919
4901,51.35612368
5357,155.3865546
6214,90.02447548
575,90.54283937
753,138.45089
999,155.7149247
1534,144.1448376
1773,111.6338627
1890,135.871045
2609,129.1867058
2864,56.58122582
3134,152.0452825
3302,124.0045023
3999,110.5510141
4450,60.20925884
6376,154.9471673
6622,128.3548959
87,62.35949429
859,141.7242973
1170,75.28713372
2511,125.6641438
3427,109.8049596
5385,60.53982603
4643,78.7495085
4850,77.39133722
5689,55.63522841
600,130.9593113
2053,136.487262
2256,57.48318915
2947,73.74738554
3834,148.0592996
4414,89.63493609
5901,155.9717457
214,108.8390846
423,68.31143862
1138,110.9200957
1977,80.31491458
2328,76.31077027
2990,112.420639
3658,65.53355533
4471,103.389251
4767,126.0467168
5505,87.92416246
5850,108.3696113
484,75.89071102
855,91.88926296
2709,66.49551289
5556,205.9464042
5648,60.39906584
114,60.97533807
470,55.94120698
1446,81.07216602
3466,94.77974836
4775,110.4660424
1065,134.453582
1457,54.51446899
3363,120.5720702
3994,81.66673751
4340,112.2717825
4902,145.0185984
5360,95.06441395
5665,122.7997618
5977,61.04829675
6742,123.3493332
280,56.02510734
475,132.2352866
1350,64.15762668
2707,192.8339764
2928,87.38201823
4534,81.60092028
4715,129.4078129
4814,97.79425267
5878,95.49927768
6076,76.21846221
609,146.6226402
1414,143.2276886
1713,52.18734136
1991,91.64749633
2082,78.59802126
2798,72.95431051
3763,126.5191351
4091,79.10624709
4372,131.487929
4609,119.5890382
4949,56.07435249
6004,167.8362775
304,60.0284158
700,91.76101978
1708,47.68432399
1918,105.8192127
2067,161.5139866
3632,124.0270344
4332,127.2292615
4875,90.64022229
5108,56.27649289
5683,77.15649299
5976,116.1772843
6229,76.05459438
6478,96.32738541
1295,57.61685489
1829,88.18799409
2135,123.7410229
2719,113.7203809
3016,106.4184923
4065,131.4102729
4911,156.567027
5338,165.8690097
6086,106.8804446
6457,112.1406442
330,192.3470513
626,84.68023427
857,97.88193325
2679,145.6450116
3098,58.14958621
3344,118.7110479
4428,119.2269057
5198,98.31936335
5368,138.2839908
5513,103.4699911
5742,101.4273832
6107,95.5144504
6729,126.4319106
904,161.0139218
1459,62.42713385
2636,150.6891153
2816,150.8802001
3341,85.76916997
3657,123.3146883
5032,74.23220669
6763,162.0808878
5649,118.3645894
6430,101.9976436
182,173.5840322
621,140.8058698
967,102.8228869
1422,127.9426298
1891,84.86474398
2307,116.8644985
3245,94.29626263
3319,82.54538878
3970,207.6840638
4303,80.87281334
5358,97.03870913
5793,163.1911946
6203,74.26939823
642,173.7973268
1119,59.93191655
1861,71.7781139
2168,145.1766004
2853,78.32105103
3299,58.7801641
4285,175.3002892
5210,128.6224395
5400,106.0879274
5553,100.127967
6031,92.25445915
919,95.98371298
1097,104.1361031
1447,67.96110954
2105,123.0959531
2598,71.8083736
3469,138.2259315
3932,160.3593966
5344,115.3137225
6707,164.7455401
10,154.9776882
387,91.21160439
586,82.56783398
710,150.3279268
1658,129.7573373
2227,65.44990147
2668,67.75522428
3312,118.0514609
4212,60.87927265
6250,134.93688
6692,162.7847205
1960,95.94276173
3460,73.81435221
4250,55.06168319
4504,143.2918488
5089,128.8114442
5950,96.19529853
205,84.96507632
853,120.0139079
1196,119.8524031
1598,134.4597542
2406,81.77915948
4299,83.15236442
4721,130.3966588
4886,97.76135273
5851,111.9192611
6303,89.86826832
292,77.30655783
384,68.14905789
1296,175.6998816
1978,66.55009274
3303,159.6494167
3953,100.9719687
4199,129.2639461
4773,108.7345093
5217,122.197594
5870,138.209439
5964,106.1808892
6082,121.9303536
206,74.05361573
595,162.078022
2310,121.0281107
2880,130.2185714
3585,96.23918244
4515,166.9356307
5636,79.55206953
6132,100.073731
6540,120.5194594
301,109.477813
1057,113.6357127
1408,102.1071944
1453,167.9590255
1882,92.40406716
2111,126.8735499
2360,61.33580554
3207,111.544382
3304,71.33700321
4122,108.9414182
4683,120.5458422
5470,199.7580104
6116,47.80437156
6393,90.27434896
6643,97.64234436
91,93.24637527
756,92.82364037
1680,154.8527115
2047,84.96123818
2866,95.86486998
3631,85.04488701
4316,134.7726666
5364,71.79472485
5605,72.42192168
9,127.5687347
448,109.4070028
1203,188.2728499
2010,92.45492263
4305,177.5287816
4687,126.7884341
4940,80.11372077
5175,119.3576171
5753,78.17293705
5996,95.33558971
6435,132.3506861
6562,73.96167894
872,64.91688338
1652,138.4778079
2000,81.40411237
3380,166.1208948
4060,86.07633074
4177,106.3052466
4635,109.8830822
6568,124.1357685
6743,74.85421292
1343,137.5536829
1519,104.5332553
2076,171.3484033
2136,108.0736708
2650,92.90351235
2793,137.32043
3012,122.1509204
3847,103.3468973
4607,49.63093792
4654,137.9367697
4941,143.0269498
1526,149.9209777
1839,142.5221533
2268,136.1502332
3069,84.92041109
4039,159.3655937
4446,58.81920365
6021,53.89870533
74,114.9348182
1959,88.71812571
2169,121.1513243
3422,46.9469341
3613,119.8873674
4485,89.72114965
4929,62.63356178
5676,137.0819771
6590,76.44437578
1496,73.45371614
2589,175.9238075
3668,137.5125167
4978,65.74092763
5487,143.0665662
6270,118.6962956
884,49.97373156
1495,65.78034296
1782,98.81815898
1928,44.25548019
2195,158.1769654
4005,126.1822629
4759,112.1781057
4933,103.9538802
648,122.7897954
1171,132.7609118
1354,111.897983
1901,143.2894765
2181,132.33099
3051,141.6234437
3203,43.55618445
3843,92.09733756
5698,101.1422218
6653,10017.06702
271,81.97423511
1238,114.4253042
1802,134.0442431
3145,62.20019707
3336,91.93797245
3506,185.4616979
4325,160.8269507
6764,172.7822367
5421,102.0462682
6108,78.198593
6379,86.32269592
656,72.20761258
715,146.66434
1086,67.15565041
1504,45.23907348
1675,91.22723485
3041,187.8134155
4214,56.50387514
5915,147.8753049
6064,110.3066608
225,144.2663131
1163,144.2614986
2200,71.57418833
2382,143.2591481
2957,56.50784657
4626,174.9200865
5392,95.0569232
6114,125.6194356
481,93.29888939
739,75.38039789
834,53.47506875
1175,142.6377598
1425,112.9464602
2327,169.8465157
2535,77.25585055
2963,137.4974696
4535,111.845616
5284,168.6291095
6491,54.59559766
222,120.3849148
720,103.1327741
1573,92.63931248
2070,114.6722507
3276,34.59430481
3795,65.90420205
4615,114.0017776
6301,122.7105811
338,132.3306775
661,141.0727657
1187,75.16881725
1510,56.58545251
1645,134.2861754
2356,46.35228933
3306,91.39830146
6700,106.1883122
198,74.89531131
513,143.3378925
727,115.6235615
1094,142.1734393
1508,108.8044097
2987,102.3683719
3485,96.45700294
4971,153.4347813
6617,104.0338573
1735,92.54625498
3311,193.5224937
3455,144.5560723
4009,82.15193667
5444,90.38713505
5700,64.1535821
5897,162.0026917
6573,67.95115972
515,155.8864351
697,114.5717189
2591,178.8512228
3009,86.74064309
3281,49.92645895
3323,153.1525219
3872,155.8180601
4288,60.23871933
5145,151.0161346
5586,98.01553772
6000,77.97450455
6488,88.3849507
6757,65.75916757
183,78.93880099
1210,176.2815159
1382,78.15753781
1899,121.4978586
3369,130.8150511
4498,126.0502469
5947,111.7679826
6141,83.61215832
382,78.92813726
2035,118.2985735
2762,105.2346769
2857,106.9954909
3236,132.3852861
5056,61.98964469
6221,54.08380814
329,94.1913938
465,72.65066327
650,140.854308
900,85.71146294
1309,80.28850791
2340,80.3155241
4043,125.7033676
4264,101.0260981
4788,45.99744522
6046,108.3548692
6182,215.4202209
66,89.99774482
688,127.2153683
1924,61.22586879
2463,138.2846386
3679,108.6022348
4351,112.6009682
4699,152.351596
5313,80.06573103
100,114.9897425
1129,171.5296201
2560,56.99326067
2662,129.1131411
2959,150.1216972
4747,125.4275313
5481,64.8328617
6089,163.3059629
1310,131.7899368
1497,194.1516216
3154,198.2948463
3263,123.2704393
4377,58.03504454
6158,200.5311277
6471,147.4820328
6719,83.14988326
663,104.9079623
1059,155.2347094
1279,64.54902592
2683,97.12303544
1940,157.8414862
3420,72.03304802
3905,74.20414007
4665,124.273599
5970,82.50323439
6232,111.2901811
694,60.08905784
1515,56.91114728
1581,100.0185971
3006,117.8957743
3271,137.3742383
4879,65.26748024
5276,187.3296923
6658,123.3303821
394,80.36420244
1442,133.8737506
3274,143.6997868
5051,120.6277774
5345,138.9805362
6499,87.98422885
273,143.9473345
794,106.6132583
1044,78.060509
1629,135.1167362
2050,109.5069285
2209,117.7864093
2953,163.8672877
3508,121.7400889
4674,108.6954496
5786,106.7008865
6017,192.6426129
6613,99.63985136
361,114.9257505
1101,83.42244455
1272,143.2749315
2106,99.24162983
2584,121.868628
3305,115.4508586
4733,116.9988888
6124,90.29487386
751,63.94112379
992,102.7354475
1247,93.44491684
1465,127.5537797
1686,125.1995556
2642,96.49516441
2907,179.2000934
3408,69.95503102
4488,76.45908162
6470,96.97510845
5,146.167323
374,135.3853365
721,81.49455418
1130,159.3953477
2449,109.6710427
3755,148.8502029
4521,187.5489607
4977,110.0088809
94,119.9556573
1197,93.72892422
1633,97.39553298
1930,133.9143915
6451,97.21952008
389,125.7094854
712,82.50985747
972,75.99055015
1811,74.38899155
2126,173.0430944
3383,86.65921689
3594,94.60103333
4337,60.99714358
4694,88.08557298
5891,111.667871
6035,123.5993636
2604,123.3622315
2761,154.1166546
3496,154.9357128
4950,140.7880629
6762,124.6172764
5825,105.5818331
251,64.54797202
618,103.1555597
1595,77.36183996
2087,169.1671397
3334,140.7986887
3950,134.8639607
4378,70.71025682
4714,72.39706779
4777,45.70656885
5619,189.8075232
6649,135.9114913
596,147.3481046
910,76.32321591
1751,78.84171796
1952,105.9281913
2814,124.5256472
3425,64.90519775
4525,76.15004219
4661,74.75565958
5533,135.4977032
6101,124.4660771
95,168.3693373
944,77.06201592
1066,76.12102755
1592,100.3831747
2461,91.21519036
3039,78.46118333
3768,63.34989661
4277,125.2344823
4658,150.8091078
6111,159.5420937
559,79.40347654
860,89.91744209
1724,146.597603
4409,170.4504203
5534,94.8964302
5908,152.8759628
597,94.47276515
1417,58.72446559
1714,112.716664
1919,127.2551095
3256,70.72289472
5286,88.46777944
5526,98.41655768
5905,59.7864785
6231,105.4231888
258,112.0286202
723,94.7909013
930,59.81876749
1498,123.8262987
2553,125.1865647
3777,67.14994988
3914,61.51625554
4114,102.2526215
5703,100.5658517
5888,107.5696883
6042,194.6629416
6150,121.5181061
410,124.0228419
610,134.9900527
719,55.71401666
1060,115.3842614
1929,132.2829502
2101,126.1876867
2282,173.7282846
3190,120.6306418
3412,85.47113368
3725,140.4545567
4612,70.49080026
5033,137.4994822
5764,64.22430295
6750,81.92410391
314,130.281055
757,76.20379686
2123,81.73585953
2824,162.5664205
3445,90.45535098
3690,142.0263211
5440,161.9005385
6090,75.38511018
303,113.9800923
560,186.1029248
1319,120.9150166
1493,85.30090135
1662,123.5930081
2020,106.4321406
2407,74.43807553
2818,81.77138484
3827,97.56057666
4421,174.7845238
5673,64.07893693
6372,58.12292849
6563,179.5526031
579,102.1607554
689,59.64376449
724,71.96283952
1499,112.0653031
3960,106.1960309
4919,53.8245846
6334,138.7103763
1577,202.3524864
2197,62.67641276
2509,105.8102787
3514,75.80190773
4588,146.4039729
5929,119.6814111
6335,61.99953063
375,197.2268402
555,123.5839411
622,174.4322107
1975,168.8181993
2831,147.170614
3085,66.37312616
3418,150.6969437
3915,154.1469257
4443,141.6919303
5686,92.217249
6120,64.12647851
6274,103.5860693
6364,56.61236043
89,136.6848224
805,145.9003956
2836,112.6781772
3298,98.07005222
5506,51.72498978
6159,101.0879398
6492,81.51632869
592,64.01011899
737,49.90101628
1108,61.95537164
1387,79.36544942
2311,92.22238118
2887,72.62360466
3283,103.8533008
4341,140.6841778
5025,88.79092772
5437,144.44837
5652,128.0410821
672,128.8599389
1578,186.5180353
4506,114.2094197
4762,129.4053876
6081,126.495775
6503,92.01765707
649,56.08436345
1040,68.07378761
1461,120.6379951
2497,87.34231478
2758,54.13819475
2991,84.23474877
3458,143.956386
3830,81.05958
6685,135.029356
420,115.3590746
662,146.0227178
791,91.11062077
1164,125.3644129
2939,88.92141656
3867,103.08263
4290,100.0150686
4400,68.53297583
5100,122.3315515
5956,124.9498896
6701,78.0172176
1,54.89010097
1923,120.7655963
3804,69.41710345
4876,54.18035886
5428,79.8288855
6452,84.12622663
6703,110.4634331
116,89.36397922
761,165.1546414
932,132.4958557
1217,135.2533827
1617,67.98229261
1849,77.7661053
2055,92.62111064
2841,50.13376893
5983,71.301712
6016,84.72430725
845,154.8126371
1832,72.89467379
2740,139.5003212
3622,184.3899835
3979,61.78620955
5749,131.6717928
6633,108.3701728
1301,67.64863082
2203,90.41306204
2569,69.49006937
3621,78.55999955
4051,149.8717384
4831,107.2937314
158,163.5407974
1290,74.40829032
2441,95.94611221
3681,157.5880455
4511,94.86130139
4684,91.59073966
5606,202.9892522
5708,62.21216721
5960,74.96839302
6014,77.12639318
6193,120.8962715
6635,162.9562815
82,84.54556064
2518,96.06567412
2644,82.35661665
3280,106.1504352
3486,131.1769795
5297,56.27529421
5802,56.13075618
6675,91.36142976
2025,121.486479
2270,118.2305131
3701,145.3700228
4618,84.85256652
4909,56.20321231
5578,125.2033524
6404,70.96358513
6623,112.3394121
6738,117.4468326
497,77.16093951
1071,70.18734891
1709,108.0446711
2348,162.6646155
3342,87.0293089
1008,135.0414228
2430,79.45013996
3352,93.89231482
3748,87.27154787
5687,95.74145848
6724,90.51002501
152,129.7424628
1207,97.82297217
1377,92.49593036
1606,147.9350974
1920,143.7988573
2856,151.9725352
3277,41.40769707
4501,71.63747287
5194,87.33754045
5519,102.2340296
6509,168.6492305
476,96.86693042
1052,190.6959546
1743,68.87566762
3157,103.4121646
5255,88.50123032
6475,106.951925
477,115.5124154
643,103.4302584
1152,131.1560033
1333,138.7963016
1659,77.15206715
2657,205.4832589
2898,115.4657349
3852,70.42793193
5342,109.9049222
5634,40.84672416
30,56.46410425
195,123.9904541
993,101.3002659
1774,143.9171557
2648,98.78384159
2979,91.67900218
3676,143.5507626
4041,63.91260493
4147,165.4615283
4859,129.8915693
6067,168.8258047
1690,146.90983
2404,137.0058614
3313,90.45402699
3559,172.758307
4018,142.8974513
4121,82.62332043
4224,110.0719048
4810,113.1585233
5295,122.513054
5381,78.13867417
6271,106.5508527
1244,98.22542529
2249,72.32744604
3045,79.47902386
3817,80.62024339
4481,183.3252839
5160,67.81349555
6304,119.8396005
1315,103.4025064
2924,102.0888254
3324,99.85118732
3935,200.8295074
5844,99.60678118
2905,NA
4805,NA
5202,NA
5927,NA
2347,NA
3806,NA
4451,NA
5023,NA
80,NA
534,NA
1867,NA
4383,NA
748,NA
1254,NA
3807,NA
4280,NA
4533,NA
3230,NA
4296,NA
3059,NA
5547,NA
5699,NA
5701,NA
247,NA
2582,NA
3184,117.2862708
1687,147.1836057
4174,163.7684282
4335,NA
150,NA
233,NA
1880,NA
2986,NA
3549,NA
4463,NA
4178,NA
4599,NA
4667,NA
570,NA
1691,NA
3499,NA
4467,NA
2799,NA
3822,NA
4456,NA
4685,NA
306,NA
2888,NA
92,NA
3138,NA
3810,NA
4580,NA
5784,NA
1648,NA
2883,NA
4272,NA
5621,NA
5696,NA
5662,NA
1894,NA
2854,NA
4968,NA
352,NA
1841,NA
1885,NA
3170,NA
4586,NA
5208,NA
5472,NA
96,NA
132,NA
2899,NA
3166,NA
232,NA
275,NA
554,NA
4326,NA
5723,NA
1462,NA
196,NA
236,NA
1502,NA
1615,NA
3079,NA
6249,NA
1794,NA
4546,NA
2913,NA
276,NA
1613,NA
3150,NA
3217,NA
4523,NA
4593,NA
5476,NA
5477,NA
5846,NA
1539,NA
1770,NA
1921,NA
3073,NA
4795,NA
2079,NA
3179,NA
5872,NA
218,NA
840,NA
1642,NA
3307,NA
1475,NA
2179,NA
3080,NA
3771,NA
5847,NA
5875,NA
400,NA
2146,NA
2942,NA
4418,NA
2305,163.7684282
5637,NA
5838,NA
457,NA
511,NA
4146,NA
4242,NA
4470,NA
2530,NA
2596,NA
5754,NA
200,NA
1531,NA
5715,NA
3130,NA
4133,NA
4419,NA
4547,NA
5613,NA
572,NA
1566,NA
2266,NA
4390,NA
4545,NA
4572,NA
1649,NA
3008,NA
4480,NA
5713,NA
5866,NA
5945,NA
126,NA
436,NA
1620,NA
2206,NA
3221,NA
5583,NA
2131,NA
401,NA
461,NA
2946,NA
289,NA
1303,NA
1817,NA
2970,NA
4519,NA
5830,NA
5880,NA
1520,NA
1789,NA
2484,NA
4312,NA
4363,NA
5716,NA
5775,NA
424,NA
377,NA
454,NA
1603,NA
5300,NA
6560,NA
2526,NA
2926,NA
141,NA
491,NA
1875,NA
4906,NA
209,NA
278,NA
1381,NA
5473,NA
5479,NA
6228,NA
2940,NA
5780,NA
1781,NA
1787,NA
2423,NA
4148,NA
411,NA
3727,NA
4847,NA
216,NA
1898,NA
2077,NA
2486,NA
2809,NA
2900,NA
3022,NA
3211,NA
4356,NA
6208,NA
6571,NA
237,NA
4328,NA
4757,NA
323,NA
421,NA
1458,NA
3920,NA
4401,NA
1034,NA
1543,NA
2909,NA
3015,NA
4165,NA
5410,NA
328,NA
580,NA
4357,NA
4560,NA
5647,NA
5704,NA
2855,NA
5565,NA
235,NA
2109,NA
4230,NA
111,NA
168,NA
187,NA
1492,NA
2992,NA
3433,NA
5536,NA
474,NA
1722,NA
2978,NA
2983,NA
3866,NA
4491,NA
4603,NA
1325,NA
3450,NA
4329,NA
1723,NA
3261,NA
3309,NA
3666,NA
6129,NA
1513,NA
2011,NA
2931,NA
6397,NA
176,NA
3180,NA
3238,NA
4360,NA
6717,NA
386,NA
528,NA
2556,NA
3286,NA
5805,NA
5911,NA
245,NA
1532,NA
3161,NA
3523,NA
4278,NA
5835,NA
99,NA
162,NA
307,NA
1767,NA
5502,NA
5644,NA
5736,NA
3808,NA
5831,NA
5980,NA
353,NA
397,NA
1843,NA
2019,NA
1732,NA
1984,NA
5886,NA
6098,NA
2048,NA
2844,NA
1426,NA
2969,NA
5584,NA
1704,NA
3399,NA
4298,NA
4019,NA
3197,NA
4166,NA
4238,NA
5894,NA
6647,NA
210,NA
403,NA
568,NA
856,NA
1757,NA
2842,NA
3147,NA
4497,NA
4770,NA
5493,NA
5540,NA
2003,NA
4179,NA
4561,NA
5806,NA
1881,NA
3235,NA
5604,NA
1557,NA
1661,NA
2022,NA
3188,NA
5655,NA
5903,NA
6209,NA
536,NA
1134,NA
1604,NA
1653,NA
1695,NA
2750,NA
2884,NA
3191,NA
3193,NA
3524,NA
4294,NA
4484,NA
324,NA
3351,NA
4195,NA
5685,NA
2889,NA
4301,NA
1294,NA
5935,NA
428,NA
450,NA
4510,NA
432,NA
2491,NA
5569,NA
5671,NA
6374,NA
4464,NA
5609,NA
5848,NA
543,NA
2828,NA
2993,NA
3018,NA
4155,NA
2552,NA
3430,NA
4167,NA
5508,NA
5729,NA
202,NA
341,NA
3049,NA
6323,NA
6462,NA
3242,NA
4499,NA
3182,NA
4173,NA
4189,NA
6390,NA
1231,NA
1589,NA
1815,NA
5678,NA
239,NA
551,NA
2097,NA
2613,NA
5497,NA
5668,NA
482,NA
544,NA
1227,NA
1489,NA
2588,NA
3152,NA
5853,NA
2933,NA
5543,NA
1356,NA
1403,NA
2459,NA
3023,NA
4444,NA
1733,NA
1937,NA
5614,NA
5718,NA
334,NA
1107,NA
3033,NA
3099,NA
4302,NA
4829,NA
5854,NA
427,NA
852,NA
1931,NA
3292,NA
5154,NA
5627,NA
5751,NA
308,NA
2890,NA
4245,NA
4423,NA
212,NA
3034,NA
6669,NA
252,NA
391,NA
412,NA
5709,NA
6300,NA
381,NA
3030,NA
3671,NA
4186,NA
4281,NA
1864,NA
2073,NA
3113,NA
4885,NA
326,NA
1401,NA
2792,NA
149,NA
368,NA
1927,NA
2068,NA
2396,NA
4890,NA
2117,NA
2780,NA
4863,NA
5782,NA
188,NA
1699,NA
3043,NA
3818,NA
4187,NA
4381,NA
4530,NA
4774,NA
5423,NA
4011,NA
4556,NA
354,NA
1618,NA
3019,NA
5469,NA
5731,NA
5839,NA
1660,NA
3146,NA
174,NA
321,NA
2973,NA
5691,NA
5748,NA
404,NA
2474,NA
4374,NA
4461,NA
4731,NA
5798,NA
3849,NA
5763,NA
5815,NA
5826,NA
3782,NA
4630,NA
437,NA
122,NA
4487,NA
5551,NA
2927,NA
3176,NA
3253,NA
6759,NA
848,NA
1674,NA
3159,NA
3208,NA
2803,NA
3232,NA
4271,NA
5591,NA
549,NA
1776,NA
2910,NA
492,NA
963,NA
1505,NA
2923,NA
4396,NA
5639,NA
6348,NA
253,NA
379,NA
463,NA
1848,NA
2897,NA
6398,NA
229,NA
1683,NA
1728,NA
1777,NA
1868,NA
2801,NA
2920,NA
5849,NA
1738,NA
3107,NA
3359,NA
4021,NA
4163,NA
4314,NA
5116,NA
1114,NA
5221,NA
5643,NA
1742,NA
1979,NA
2860,NA
3206,NA
5475,NA
5710,NA
1555,NA
2672,NA
3697,NA
4928,NA
5663,NA
164,NA
2985,NA
3248,NA
3794,NA
4834,NA
5517,NA
466,NA
1678,NA
1801,NA
1819,NA
3020,NA
3169,NA
3495,NA
4365,NA
4562,NA
1697,NA
1853,NA
2848,NA
4327,NA
4345,NA
4802,NA
1955,NA
3840,NA
4183,NA
4465,NA
1795,NA
2049,NA
2811,NA
3171,NA
4557,NA
5538,NA
556,NA
1854,NA
1897,NA
2537,NA
3053,NA
3050,NA
3110,NA
5524,NA
5714,NA
5783,NA
1982,NA
5251,NA
85,NA
459,NA
1507,NA
4231,NA
4427,NA
5640,NA
317,NA
5581,NA
6288,NA
1267,NA
2026,NA
2150,NA
2389,NA
954,NA
2795,NA
4184,NA
4563,NA
774,NA
2777,NA
2891,NA
6377,NA
1561,NA
1888,NA
4192,NA
4455,NA
4527,NA
4575,NA
1116,NA
3061,NA
4431,NA
227,NA
1434,NA
3040,NA
4366,NA
4594,NA
358,NA
865,NA
4822,NA
5290,NA
1202,NA
2840,NA
5642,NA
5788,NA
5792,NA
1172,NA
5860,NA
1245,NA
1544,NA
4287,NA
4308,NA
5577,NA
5760,NA
5855,NA
76,NA
366,NA
371,NA
3564,NA
181,NA
1503,NA
1863,NA
175,NA
1749,NA
2781,NA
319,NA
439,NA
4201,NA
736,NA
929,NA
1793,NA
5926,NA
345,NA
1051,NA
3213,NA
3841,NA
4168,NA
4657,NA
5272,NA
5765,NA
261,NA
525,NA
1500,NA
1640,NA
2885,NA
4386,NA
1190,NA
1549,NA
2834,NA
2862,NA
3054,NA
3405,NA
4153,NA
5424,NA
6561,NA
1623,NA
2061,NA
3183,NA
240,NA
1011,NA
1755,NA
1893,NA
177,NA
1162,NA
1456,NA
1472,NA
3024,NA
903,NA
1969,NA
3457,NA
4567,NA
4696,NA
4695,NA
77,NA
3118,NA
3329,NA
4403,NA
4406,NA
1828,NA
3084,NA
3890,NA
4410,NA
127,NA
3355,NA
86,NA
550,NA
2275,NA
4399,NA
5598,NA
293,NA
355,NA
683,NA
1490,NA
1796,NA
4529,NA
4536,NA
433,NA
1607,NA
3189,NA
4128,NA
4197,NA
4524,NA
5871,NA
5912,NA
2466,NA
2886,NA
5225,NA
6505,NA
2785,NA
2806,NA
4459,NA
5653,NA
1650,NA
3745,NA
4796,NA
2119,NA
3013,NA
3126,NA
4235,NA
105,NA
1747,NA
4134,NA
217,NA
4478,NA
5248,NA
6032,NA
4206,NA
4387,NA
113,NA
1558,NA
2180,NA
3661,NA
378,NA
790,NA
1700,NA
3788,NA
480,NA
1632,NA
3101,NA
5706,NA
5772,NA
129,NA
3119,NA
3228,NA
1569,NA
1820,NA
1840,NA
4323,NA
4346,NA
5785,NA
6400,NA
224,NA
5913,NA
1833,NA
2902,NA
4239,NA
265,NA
833,NA
3249,NA
4226,NA
5867,NA
684,NA
718,NA
4145,NA
5489,NA
5651,NA
290,NA
1030,NA
3062,NA
5635,NA
5828,NA
2823,NA
4558,NA
5494,NA
5501,NA
526,NA
1887,NA
2944,NA
4413,NA
4420,NA
5486,NA
6010,NA
277,NA
2148,NA
2802,NA
4445,NA
546,NA
1115,NA
3177,NA
5587,NA
5628,NA
6173,NA
383,NA
749,NA
5733,NA
18,NA
2125,NA
5522,NA
5895,NA
192,NA
1469,NA
1486,NA
2971,NA
4331,NA
1739,NA
5679,NA
5750,NA
5856,NA
6033,NA
119,NA
641,NA
3144,NA
3404,NA
4185,NA
5918,NA
98,NA
1541,NA
2872,NA
3498,NA
5646,NA
5656,NA
130,NA
268,NA
644,NA
1572,NA
1619,NA
1668,NA
1707,NA
2113,NA
4581,NA
5626,NA
4255,NA
5794,NA
6103,NA
302,NA
1137,NA
4304,NA
1702,NA
1762,NA
2373,NA
3005,NA
3131,NA
3883,NA
6131,NA
6302,NA
6538,NA
244,NA
1216,NA
4154,NA
393,NA
419,NA
4311,NA
4404,NA
5675,NA
193,NA
1825,NA
3111,NA
4160,NA
2846,NA
3163,NA
3446,NA
4543,NA
4800,NA
107,NA
1594,NA
1791,NA
6050,NA
409,NA
3137,NA
4532,NA
5914,NA
5618,NA
5688,NA
6419,NA
711,NA
4415,NA
4544,NA
3173,NA
6262,NA
262,NA
529,NA
1537,NA
1788,NA
5816,NA
3260,NA
4008,NA
4574,NA
1730,NA
2448,NA
4570,NA
5529,NA
1506,NA
2651,NA
3185,NA
3421,NA
291,NA
1669,NA
3974,NA
4349,NA
4442,NA
5327,NA
2929,NA
3186,NA
4211,NA
5273,NA
6445,NA
157,NA
2813,NA
3057,NA
4641,NA
5884,NA
1837,NA
4092,NA
4222,NA
1509,NA
3194,NA
3541,NA
1365,NA
1834,NA
4129,NA
4380,NA
4434,NA
5735,NA
6434,NA
623,NA
1521,NA
2771,NA
2873,NA
3320,NA
4571,NA
4600,NA
5341,NA
2435,NA
2919,NA
4712,NA
399,NA
2826,NA
3090,NA
4141,NA
5817,NA
1156,NA
3155,NA
5821,NA
552,NA
589,NA
3218,NA
3287,NA
5557,NA
5874,NA
1117,NA
2820,NA
3083,NA
185,NA
2922,NA
4379,NA
1846,NA
2778,NA
4161,NA
5702,NA
5808,NA
298,NA
4602,NA
5650,NA
508,NA
1419,NA
3114,NA
309,NA
327,NA
1491,NA
4392,NA
5396,NA
5767,NA
5498,NA
5755,NA
414,NA
1621,NA
5288,NA
1778,NA
5266,NA
5836,NA
115,NA
4655,NA
5590,NA
1784,NA
3123,NA
3330,NA
4376,NA
4540,NA
431,NA
1599,NA
1725,NA
4248,NA
133,NA
4170,NA
6057,NA
108,NA
1798,NA
1932,NA
5865,NA
5981,NA
363,NA
3153,NA
3196,NA
3214,NA
4171,NA
5824,NA
1866,NA
2958,NA
3181,NA
5833,NA
5873,NA
415,NA
4439,NA
5761,NA
490,NA
464,NA
725,NA
2418,NA
4137,NA
780,NA
1601,NA
1831,NA
5545,NA
2782,NA
4202,NA
4253,NA
4669,NA
5694,NA
5707,NA
5795,NA
4203,NA
5928,NA
471,NA
4505,NA
5876,NA
332,NA
1734,NA
3202,NA
4232,NA
6608,NA
1703,NA
3001,NA
3149,NA
4496,NA
1591,NA
1876,NA
4169,NA
4512,NA
2895,NA
4330,NA
4801,NA
5787,NA
743,NA
3704,NA
485,NA
647,NA
1858,NA
4755,NA
5769,NA
2988,NA
553,NA
676,NA
1516,NA
1763,NA
4144,NA
6541,NA
147,NA
2881,NA
2964,NA
4236,NA
4447,NA
4579,NA
5720,NA
5820,NA
6487,NA
120,NA
1560,NA
4815,NA
166,NA
1655,NA
1670,NA
3026,NA
3388,NA
5809,NA
6080,NA
1545,NA
3032,NA
3156,NA
4741,NA
5582,NA
5677,NA
5989,NA
417,NA
1437,NA
3063,NA
3100,NA
3148,NA
305,NA
1511,NA
2830,NA
2938,NA
346,NA
1684,NA
3027,NA
3017,NA
4926,NA
2222,NA
2237,NA
4207,NA
4223,NA
4452,NA
5632,NA
5879,NA
395,NA
495,NA
1228,NA
1481,NA
1616,NA
1627,NA
1726,NA
2789,NA
3552,NA
4130,NA
294,NA
315,NA
1718,NA
2122,NA
2387,NA
140,NA
505,NA
2950,NA
5800,NA
1877,NA
3437,NA
3820,NA
5076,NA
5660,NA
6242,NA
6321,NA
3086,NA
4538,NA
1233,NA
1883,NA
3233,NA
3237,NA
3577,NA
219,NA
493,NA
1575,NA
5631,NA
109,NA
299,NA
347,NA
538,NA
3250,NA
3983,NA
2948,NA
2982,NA
3055,NA
3759,NA
4389,NA
5949,NA
441,NA
1109,NA
1693,NA
3198,NA
4507,NA
6058,NA
1630,NA
3451,NA
3839,NA
4258,NA
4677,NA
5603,NA
186,NA
2094,NA
4354,NA
340,NA
5499,NA
151,NA
316,NA
561,NA
1582,NA
1871,NA
4213,NA
5801,NA
144,NA
1383,NA
3216,NA
184,NA
4435,NA
5623,NA
2837,NA
5812,NA
407,NA
486,NA
4489,NA
1251,NA
2875,NA
3104,NA
3909,NA
4338,NA
4479,NA
3187,NA
4251,NA
5514,NA
5690,NA
295,NA
1487,NA
5515,NA
5535,NA
284,NA
2966,NA
3120,NA
4552,NA
758,NA
1641,NA
4158,NA
4164,NA
4448,NA
4225,NA
1362,NA
1364,NA
1366,NA
2,NA
7,NA
6,NA
4,NA
8,NA
12,NA
16,NA
14,NA
19,NA
15,NA
17,NA
20,NA
23,NA
22,NA
25,NA
24,NA
27,NA
26,NA
29,NA
28,NA
31,NA
32,NA
36,NA
37,NA
38,NA
40,NA
39,NA
42,NA
43,NA
44,NA
46,NA
49,NA
52,NA
54,NA
55,NA
57,NA
59,NA
56,NA
58,NA
61,NA
62,NA
63,NA
65,NA
67,NA
69,NA
68,NA
72,NA
73,NA
71,NA
75,NA
79,NA
83,NA
78,NA
104,NA
103,NA
131,NA
124,NA
117,NA
137,NA
136,NA
135,NA
138,NA
154,NA
153,NA
171,NA
167,NA
159,NA
178,NA
179,NA
190,NA
189,NA
208,NA
194,NA
207,NA
199,NA
203,NA
221,NA
226,NA
228,NA
231,NA
230,NA
254,NA
263,NA
255,NA
259,NA
266,NA
274,NA
272,NA
287,NA
288,NA
300,NA
331,NA
337,NA
342,NA
349,NA
344,NA
348,NA
359,NA
367,NA
356,NA
369,NA
364,NA
372,NA
365,NA
390,NA
388,NA
385,NA
396,NA
413,NA
408,NA
416,NA
435,NA
440,NA
434,NA
456,NA
453,NA
442,NA
478,NA
452,NA
460,NA
473,NA
472,NA
496,NA
487,NA
498,NA
503,NA
502,NA
509,NA
506,NA
522,NA
516,NA
524,NA
527,NA
530,NA
539,NA
541,NA
548,NA
563,NA
562,NA
566,NA
567,NA
576,NA
581,NA
587,NA
593,NA
594,NA
601,NA
606,NA
611,NA
613,NA
617,NA
624,NA
633,NA
646,NA
654,NA
655,NA
658,NA
659,NA
667,NA
665,NA
668,NA
674,NA
670,NA
673,NA
678,NA
690,NA
685,NA
691,NA
695,NA
696,NA
705,NA
713,NA
716,NA
722,NA
731,NA
730,NA
734,NA
755,NA
762,NA
765,NA
764,NA
767,NA
768,NA
770,NA
776,NA
783,NA
787,NA
786,NA
795,NA
796,NA
803,NA
802,NA
806,NA
798,NA
804,NA
808,NA
810,NA
807,NA
814,NA
820,NA
811,NA
813,NA
809,NA
816,NA
815,NA
812,NA
823,NA
818,NA
822,NA
830,NA
824,NA
827,NA
829,NA
825,NA
841,NA
836,NA
842,NA
837,NA
835,NA
839,NA
849,NA
854,NA
851,NA
850,NA
862,NA
861,NA
858,NA
875,NA
873,NA
869,NA
868,NA
864,NA
866,NA
880,NA
877,NA
879,NA
874,NA
881,NA
886,NA
894,NA
890,NA
883,NA
888,NA
885,NA
895,NA
882,NA
889,NA
893,NA
896,NA
892,NA
906,NA
897,NA
902,NA
901,NA
922,NA
905,NA
908,NA
915,NA
920,NA
911,NA
916,NA
907,NA
925,NA
935,NA
912,NA
921,NA
931,NA
917,NA
937,NA
934,NA
933,NA
924,NA
942,NA
938,NA
940,NA
953,NA
941,NA
946,NA
950,NA
948,NA
945,NA
955,NA
956,NA
949,NA
958,NA
957,NA
959,NA
961,NA
964,NA
966,NA
970,NA
968,NA
971,NA
965,NA
962,NA
973,NA
969,NA
989,NA
974,NA
983,NA
985,NA
987,NA
979,NA
982,NA
977,NA
986,NA
991,NA
978,NA
984,NA
994,NA
988,NA
1000,NA
990,NA
1001,NA
997,NA
996,NA
1009,NA
1004,NA
1003,NA
1016,NA
1013,NA
1029,NA
1017,NA
1028,NA
1018,NA
1023,NA
1025,NA
1026,NA
1021,NA
1019,NA
1022,NA
1031,NA
1032,NA
1035,NA
1033,NA
1037,NA
1042,NA
1036,NA
1041,NA
1043,NA
1038,NA
1047,NA
1045,NA
1049,NA
1048,NA
1054,NA
1061,NA
1053,NA
1055,NA
1058,NA
1063,NA
1062,NA
1067,NA
1072,NA
1069,NA
1073,NA
1074,NA
1079,NA
1075,NA
1078,NA
1076,NA
1090,NA
1083,NA
1089,NA
1091,NA
1088,NA
1093,NA
1082,NA
1081,NA
1102,NA
1087,NA
1106,NA
1096,NA
1095,NA
1103,NA
1092,NA
1099,NA
1105,NA
1111,NA
1121,NA
1124,NA
1118,NA
1132,NA
1126,NA
1120,NA
1122,NA
1125,NA
1127,NA
1128,NA
1140,NA
1139,NA
1131,NA
1143,NA
1141,NA
1145,NA
1153,NA
1146,NA
1144,NA
1149,NA
1158,NA
1148,NA
1159,NA
1150,NA
1155,NA
1160,NA
1157,NA
1161,NA
1154,NA
1168,NA
1165,NA
1166,NA
1169,NA
1173,NA
1174,NA
1182,NA
1176,NA
1177,NA
1185,NA
1189,NA
1191,NA
1188,NA
1192,NA
1195,NA
1194,NA
1198,NA
1193,NA
1204,NA
1201,NA
1205,NA
1211,NA
1213,NA
1219,NA
1218,NA
1208,NA
1220,NA
1212,NA
1223,NA
1222,NA
1209,NA
1239,NA
1221,NA
1229,NA
1242,NA
1237,NA
1225,NA
1224,NA
1243,NA
1232,NA
1236,NA
1226,NA
1230,NA
1240,NA
1235,NA
1248,NA
1234,NA
1246,NA
1249,NA
1250,NA
1255,NA
1257,NA
1256,NA
1259,NA
1253,NA
1269,NA
1270,NA
1261,NA
1263,NA
1265,NA
1276,NA
1268,NA
1264,NA
1282,NA
1280,NA
1284,NA
1288,NA
1287,NA
1292,NA
1291,NA
1298,NA
1302,NA
1305,NA
1304,NA
1311,NA
1313,NA
1323,NA
1322,NA
1328,NA
1327,NA
1331,NA
1332,NA
1334,NA
1335,NA
1337,NA
1342,NA
1348,NA
1347,NA
1355,NA
1352,NA
1357,NA
1358,NA
1361,NA
2682,NA
2680,NA
1370,NA
1372,NA
1373,NA
1375,NA
1374,NA
1376,NA
1379,NA
1378,NA
1385,NA
1388,NA
1389,NA
1390,NA
1392,NA
1393,NA
1391,NA
1394,NA
1395,NA
1396,NA
1397,NA
1398,NA
1400,NA
1404,NA
1405,NA
1409,NA
1407,NA
1411,NA
1412,NA
1415,NA
1416,NA
1413,NA
1418,NA
1420,NA
1421,NA
1423,NA
1427,NA
1424,NA
1428,NA
1431,NA
1432,NA
1430,NA
1440,NA
1438,NA
1433,NA
1448,NA
1441,NA
1443,NA
1460,NA
1463,NA
1466,NA
1470,NA
1473,NA
1482,NA
1494,NA
1512,NA
1523,NA
1522,NA
1530,NA
1542,NA
1535,NA
1546,NA
1552,NA
1538,NA
1547,NA
1556,NA
1579,NA
1570,NA
1580,NA
1586,NA
1583,NA
1593,NA
1590,NA
1605,NA
1602,NA
1609,NA
1610,NA
1608,NA
1622,NA
1631,NA
1624,NA
1639,NA
1646,NA
1673,NA
1685,NA
1717,NA
1716,NA
1710,NA
1711,NA
1715,NA
1719,NA
1720,NA
1727,NA
1729,NA
1731,NA
1736,NA
1746,NA
1737,NA
1740,NA
1752,NA
1753,NA
1750,NA
1760,NA
1761,NA
1765,NA
1768,NA
1764,NA
1779,NA
1785,NA
1783,NA
1792,NA
1799,NA
1803,NA
1806,NA
1813,NA
1823,NA
1822,NA
1824,NA
1856,NA
1847,NA
1857,NA
1855,NA
1859,NA
1862,NA
1869,NA
1878,NA
1872,NA
1879,NA
1884,NA
1892,NA
1905,NA
1904,NA
1912,NA
1913,NA
1917,NA
1922,NA
1926,NA
1936,NA
1933,NA
1943,NA
1951,NA
1944,NA
1965,NA
1964,NA
1967,NA
1970,NA
1980,NA
1987,NA
1988,NA
1990,NA
1992,NA
1998,NA
2002,NA
2004,NA
2006,NA
2005,NA
2012,NA
2015,NA
2021,NA
2023,NA
2027,NA
2028,NA
2036,NA
2038,NA
2054,NA
2051,NA
2056,NA
2059,NA
2058,NA
2063,NA
2066,NA
2071,NA
2072,NA
2081,NA
2080,NA
2091,NA
2092,NA
2093,NA
2090,NA
2100,NA
2115,NA
2121,NA
2127,NA
2132,NA
2128,NA
2140,NA
2142,NA
2133,NA
2138,NA
2139,NA
2141,NA
2149,NA
2145,NA
2153,NA
2144,NA
2137,NA
2151,NA
2155,NA
2159,NA
2154,NA
2158,NA
2156,NA
2164,NA
2161,NA
2157,NA
2170,NA
2175,NA
2174,NA
2176,NA
2171,NA
2178,NA
2183,NA
2172,NA
2177,NA
2184,NA
2186,NA
2189,NA
2185,NA
2188,NA
2196,NA
2190,NA
2191,NA
2193,NA
2199,NA
2194,NA
2201,NA
2204,NA
2198,NA
2202,NA
2205,NA
2212,NA
2213,NA
2215,NA
2219,NA
2214,NA
2216,NA
2217,NA
2210,NA
2218,NA
2228,NA
2229,NA
2226,NA
2224,NA
2221,NA
2230,NA
2225,NA
2231,NA
2220,NA
2232,NA
2239,NA
2233,NA
2243,NA
2241,NA
2238,NA
2242,NA
2255,NA
2244,NA
2247,NA
2245,NA
2258,NA
2260,NA
2254,NA
2250,NA
2263,NA
2261,NA
2246,NA
2257,NA
2271,NA
2265,NA
2264,NA
2251,NA
2269,NA
2278,NA
2273,NA
2281,NA
2272,NA
2280,NA
2287,NA
2284,NA
2286,NA
2283,NA
2289,NA
2288,NA
2291,NA
2302,NA
2290,NA
2296,NA
2299,NA
2301,NA
2293,NA
2298,NA
2303,NA
2300,NA
2297,NA
2315,NA
2312,NA
2309,NA
2304,NA
2314,NA
2308,NA
2317,NA
2313,NA
2306,NA
2316,NA
2321,NA
2318,NA
2319,NA
2320,NA
2324,NA
2322,NA
2329,NA
2325,NA
2344,NA
2334,NA
2330,NA
2337,NA
2326,NA
2341,NA
2332,NA
2338,NA
2333,NA
2336,NA
2342,NA
2343,NA
2351,NA
2345,NA
2350,NA
2352,NA
2361,NA
2364,NA
2355,NA
2357,NA
2366,NA
2367,NA
2358,NA
2362,NA
2371,NA
2369,NA
2380,NA
2377,NA
2384,NA
2374,NA
2379,NA
2376,NA
2378,NA
2388,NA
2383,NA
2385,NA
2391,NA
2386,NA
2394,NA
2402,NA
2390,NA
2401,NA
2400,NA
2403,NA
2414,NA
2393,NA
2398,NA
2408,NA
2415,NA
2421,NA
2419,NA
2409,NA
2428,NA
2426,NA
2422,NA
2427,NA
2425,NA
2429,NA
2431,NA
2439,NA
2433,NA
2450,NA
2440,NA
2442,NA
2443,NA
2446,NA
2455,NA
2453,NA
2452,NA
2454,NA
2451,NA
2438,NA
2462,NA
2468,NA
2456,NA
2471,NA
2464,NA
2477,NA
2472,NA
2470,NA
2476,NA
2475,NA
2478,NA
2493,NA
2488,NA
2495,NA
2485,NA
2489,NA
2479,NA
2487,NA
2492,NA
2500,NA
2504,NA
2503,NA
2490,NA
2502,NA
2494,NA
2501,NA
2498,NA
2512,NA
2514,NA
2519,NA
2513,NA
2515,NA
2522,NA
2528,NA
2523,NA
2529,NA
2521,NA
2525,NA
2541,NA
2536,NA
2546,NA
2531,NA
2542,NA
2534,NA
2539,NA
2533,NA
2558,NA
2550,NA
2547,NA
2538,NA
2557,NA
2563,NA
2548,NA
2551,NA
2555,NA
2549,NA
2554,NA
2566,NA
2562,NA
2571,NA
2565,NA
2575,NA
2568,NA
2570,NA
2564,NA
2581,NA
2576,NA
2579,NA
2574,NA
2577,NA
2580,NA
2583,NA
2573,NA
2578,NA
2590,NA
2585,NA
2594,NA
2586,NA
2587,NA
2595,NA
2599,NA
2592,NA
2600,NA
2602,NA
2601,NA
2607,NA
2612,NA
2605,NA
2606,NA
2611,NA
2614,NA
2610,NA
2615,NA
2616,NA
2618,NA
2620,NA
2623,NA
2626,NA
2619,NA
2617,NA
2622,NA
2630,NA
2638,NA
2639,NA
2634,NA
2640,NA
2649,NA
2653,NA
2654,NA
2652,NA
2656,NA
2655,NA
2660,NA
2659,NA
2663,NA
2669,NA
2670,NA
2671,NA
2673,NA
2674,NA
2678,NA
4020,NA
4022,NA
4026,NA
4025,NA
2684,NA
2685,NA
2686,NA
2688,NA
2687,NA
2690,NA
2695,NA
2693,NA
2696,NA
2694,NA
2698,NA
2697,NA
2699,NA
2700,NA
2703,NA
2705,NA
2706,NA
2710,NA
2711,NA
2712,NA
2716,NA
2715,NA
2718,NA
2720,NA
2722,NA
2721,NA
2725,NA
2726,NA
2724,NA
2734,NA
2728,NA
2730,NA
2727,NA
2735,NA
2738,NA
2739,NA
2737,NA
2741,NA
2743,NA
2744,NA
2745,NA
2748,NA
2749,NA
2753,NA
2751,NA
2754,NA
2755,NA
2756,NA
2757,NA
2760,NA
2763,NA
2765,NA
2766,NA
2770,NA
2773,NA
2776,NA
2772,NA
2775,NA
2783,NA
2790,NA
2804,NA
2807,NA
2817,NA
2812,NA
2821,NA
2843,NA
2838,NA
2850,NA
2870,NA
2868,NA
2852,NA
2874,NA
2878,NA
2892,NA
2882,NA
2893,NA
2904,NA
2915,NA
2921,NA
2925,NA
2930,NA
2949,NA
2955,NA
2954,NA
2976,NA
2967,NA
2972,NA
2980,NA
2981,NA
2984,NA
2999,NA
3003,NA
3000,NA
3007,NA
3002,NA
3011,NA
3029,NA
3047,NA
3046,NA
3056,NA
3058,NA
3071,NA
3077,NA
3078,NA
3095,NA
3091,NA
3087,NA
3093,NA
3103,NA
3102,NA
3106,NA
3105,NA
3128,NA
3116,NA
3115,NA
3121,NA
3124,NA
3127,NA
3133,NA
3136,NA
3164,NA
3165,NA
3167,NA
3178,NA
3195,NA
3204,NA
3199,NA
3219,NA
3209,NA
3225,NA
3241,NA
3234,NA
3239,NA
3252,NA
3244,NA
3246,NA
3257,NA
3251,NA
3247,NA
3259,NA
3267,NA
3269,NA
3272,NA
3278,NA
3279,NA
3284,NA
3288,NA
3290,NA
3296,NA
3308,NA
3322,NA
3325,NA
3332,NA
3331,NA
3335,NA
3345,NA
3350,NA
3349,NA
3361,NA
3356,NA
3364,NA
3368,NA
3371,NA
3373,NA
3374,NA
3376,NA
3386,NA
3389,NA
3390,NA
3401,NA
3402,NA
3398,NA
3406,NA
3410,NA
3409,NA
3417,NA
3426,NA
3435,NA
3439,NA
3442,NA
3443,NA
3447,NA
3463,NA
3464,NA
3473,NA
3470,NA
3474,NA
3467,NA
3481,NA
3479,NA
3487,NA
3476,NA
3484,NA
3491,NA
3488,NA
3490,NA
3493,NA
3492,NA
3480,NA
3489,NA
3502,NA
3494,NA
3501,NA
3503,NA
3509,NA
3504,NA
3512,NA
3519,NA
3516,NA
3513,NA
3515,NA
3521,NA
3527,NA
3526,NA
3522,NA
3536,NA
3534,NA
3537,NA
3533,NA
3535,NA
3532,NA
3547,NA
3531,NA
3538,NA
3543,NA
3539,NA
3542,NA
3553,NA
3562,NA
3550,NA
3551,NA
3557,NA
3560,NA
3566,NA
3567,NA
3554,NA
3556,NA
3563,NA
3569,NA
3571,NA
3574,NA
3568,NA
3576,NA
3570,NA
3578,NA
3579,NA
3582,NA
3589,NA
3580,NA
3575,NA
3573,NA
3592,NA
3587,NA
3586,NA
3581,NA
3588,NA
3591,NA
3595,NA
3597,NA
3599,NA
3596,NA
3604,NA
3603,NA
3605,NA
3600,NA
3607,NA
3608,NA
3611,NA
3609,NA
3610,NA
3616,NA
3606,NA
3614,NA
3618,NA
3612,NA
3623,NA
3619,NA
3627,NA
3635,NA
3629,NA
3626,NA
3633,NA
3637,NA
3639,NA
3628,NA
3642,NA
3636,NA
3647,NA
3655,NA
3643,NA
3654,NA
3652,NA
3650,NA
3665,NA
3663,NA
3664,NA
3659,NA
3677,NA
3670,NA
3669,NA
3675,NA
3682,NA
3674,NA
3678,NA
3673,NA
3687,NA
3683,NA
3685,NA
3684,NA
3692,NA
3680,NA
3689,NA
3696,NA
3693,NA
3695,NA
3709,NA
3708,NA
3699,NA
3691,NA
3705,NA
3707,NA
3706,NA
3702,NA
3700,NA
3712,NA
3698,NA
3710,NA
3714,NA
3720,NA
3719,NA
3717,NA
3715,NA
3713,NA
3716,NA
3726,NA
3724,NA
3721,NA
3729,NA
3731,NA
3733,NA
3730,NA
3735,NA
3734,NA
3737,NA
3736,NA
3746,NA
3747,NA
3751,NA
3750,NA
3752,NA
3754,NA
3749,NA
3757,NA
3765,NA
3756,NA
3764,NA
3770,NA
3778,NA
3772,NA
3760,NA
3779,NA
3773,NA
3769,NA
3781,NA
3785,NA
3776,NA
3775,NA
3783,NA
3784,NA
3787,NA
3791,NA
3796,NA
3790,NA
3792,NA
3793,NA
3797,NA
3800,NA
3803,NA
3799,NA
3802,NA
3811,NA
3805,NA
3815,NA
3812,NA
3816,NA
3821,NA
3814,NA
3829,NA
3825,NA
3833,NA
3823,NA
3828,NA
3836,NA
3824,NA
3832,NA
3846,NA
3837,NA
3835,NA
3838,NA
3844,NA
3845,NA
3842,NA
3853,NA
3848,NA
3860,NA
3855,NA
3862,NA
3854,NA
3851,NA
3858,NA
3869,NA
3864,NA
3861,NA
3873,NA
3868,NA
3870,NA
3871,NA
3884,NA
3878,NA
3894,NA
3885,NA
3877,NA
3886,NA
3874,NA
3893,NA
3891,NA
3888,NA
3876,NA
3875,NA
3898,NA
3895,NA
3900,NA
3904,NA
3892,NA
3899,NA
3910,NA
3901,NA
3902,NA
3903,NA
3906,NA
3907,NA
3918,NA
3912,NA
3928,NA
3911,NA
3923,NA
3922,NA
3931,NA
3930,NA
3921,NA
3926,NA
3919,NA
3933,NA
3937,NA
3929,NA
3941,NA
3936,NA
3946,NA
3938,NA
3949,NA
3958,NA
3951,NA
3962,NA
3961,NA
3963,NA
3967,NA
3968,NA
3971,NA
3972,NA
3975,NA
3976,NA
3980,NA
3984,NA
3986,NA
3988,NA
3995,NA
3998,NA
4001,NA
4006,NA
4000,NA
4017,NA
4010,NA
4015,NA
4013,NA
4014,NA
4016,NA
4028,NA
4029,NA
4032,NA
4033,NA
4034,NA
4035,NA
4036,NA
4038,NA
4042,NA
4044,NA
4046,NA
4047,NA
4048,NA
4050,NA
4053,NA
4052,NA
4055,NA
4054,NA
4056,NA
4058,NA
4057,NA
4061,NA
4059,NA
4063,NA
4062,NA
4064,NA
4068,NA
4067,NA
4069,NA
4071,NA
4070,NA
4072,NA
4076,NA
4074,NA
4080,NA
4083,NA
4086,NA
4089,NA
4088,NA
4090,NA
4095,NA
4096,NA
4099,NA
4100,NA
4101,NA
4104,NA
4102,NA
4103,NA
4106,NA
4107,NA
4110,NA
4113,NA
4109,NA
4112,NA
4111,NA
4115,NA
4116,NA
4120,NA
4123,NA
4131,NA
4124,NA
4127,NA
4132,NA
4139,NA
4135,NA
4138,NA
4142,NA
4152,NA
4149,NA
4159,NA
4172,NA
4190,NA
4193,NA
4181,NA
4191,NA
4200,NA
4208,NA
4219,NA
4220,NA
4217,NA
4237,NA
4228,NA
4240,NA
4229,NA
4246,NA
4244,NA
4241,NA
4247,NA
4256,NA
4259,NA
4265,NA
4261,NA
4262,NA
4267,NA
4269,NA
4275,NA
4279,NA
4282,NA
4283,NA
4289,NA
4291,NA
4292,NA
4295,NA
4306,NA
4309,NA
4317,NA
4318,NA
4307,NA
4320,NA
4324,NA
4333,NA
4344,NA
4334,NA
4347,NA
4352,NA
4348,NA
4353,NA
4362,NA
4367,NA
4373,NA
4382,NA
4393,NA
4394,NA
4405,NA
4407,NA
4412,NA
4424,NA
4437,NA
4436,NA
4432,NA
4429,NA
4449,NA
4453,NA
4460,NA
4474,NA
4466,NA
4473,NA
4477,NA
4493,NA
4494,NA
4490,NA
4508,NA
4495,NA
4513,NA
4502,NA
4528,NA
4526,NA
4522,NA
4537,NA
4541,NA
4550,NA
4554,NA
4551,NA
4553,NA
4565,NA
4549,NA
4548,NA
4555,NA
4559,NA
4564,NA
4587,NA
4584,NA
4585,NA
4583,NA
4582,NA
4589,NA
4596,NA
4595,NA
4591,NA
4597,NA
4598,NA
4590,NA
4606,NA
4608,NA
4604,NA
4613,NA
4616,NA
4622,NA
4617,NA
4619,NA
4629,NA
4633,NA
4634,NA
4636,NA
4640,NA
4647,NA
4650,NA
4662,NA
4660,NA
4666,NA
4670,NA
4675,NA
4676,NA
4682,NA
4678,NA
4688,NA
4692,NA
4689,NA
4697,NA
4705,NA
4707,NA
4704,NA
4708,NA
4703,NA
4725,NA
4734,NA
4742,NA
4744,NA
4746,NA
4749,NA
4764,NA
4763,NA
4772,NA
4778,NA
4781,NA
4782,NA
4785,NA
4789,NA
4793,NA
4794,NA
4804,NA
4806,NA
4808,NA
4809,NA
4816,NA
4807,NA
4817,NA
4819,NA
4811,NA
4818,NA
4836,NA
4821,NA
4826,NA
4824,NA
4820,NA
4827,NA
4832,NA
4838,NA
4840,NA
4835,NA
4841,NA
4843,NA
4839,NA
4844,NA
4833,NA
4837,NA
4853,NA
4852,NA
4856,NA
4855,NA
4861,NA
4846,NA
4864,NA
4842,NA
4851,NA
4845,NA
4860,NA
4871,NA
4870,NA
4873,NA
4868,NA
4874,NA
4867,NA
4878,NA
4872,NA
4877,NA
4888,NA
4882,NA
4891,NA
4881,NA
4883,NA
4887,NA
4896,NA
4893,NA
4897,NA
4910,NA
4900,NA
4894,NA
4895,NA
4914,NA
4907,NA
4903,NA
4913,NA
4912,NA
4917,NA
4918,NA
4923,NA
4916,NA
4924,NA
4920,NA
4922,NA
4927,NA
4925,NA
4934,NA
4930,NA
4935,NA
4946,NA
4942,NA
4939,NA
4945,NA
4952,NA
4956,NA
4947,NA
4955,NA
4959,NA
4962,NA
4961,NA
4957,NA
4960,NA
4953,NA
4951,NA
4967,NA
4954,NA
4965,NA
4972,NA
4983,NA
4989,NA
4973,NA
4980,NA
4982,NA
4970,NA
4984,NA
4990,NA
4985,NA
4992,NA
4991,NA
4979,NA
4994,NA
4993,NA
4988,NA
4995,NA
5000,NA
5002,NA
5004,NA
5006,NA
5007,NA
5003,NA
5009,NA
4999,NA
5008,NA
5011,NA
5014,NA
5015,NA
5005,NA
5010,NA
5026,NA
5022,NA
5016,NA
5021,NA
5020,NA
5018,NA
5037,NA
5027,NA
5030,NA
5034,NA
5028,NA
5036,NA
5048,NA
5035,NA
5040,NA
5043,NA
5059,NA
5047,NA
5045,NA
5055,NA
5044,NA
5062,NA
5057,NA
5049,NA
5054,NA
5052,NA
5046,NA
5058,NA
5053,NA
5063,NA
5068,NA
5065,NA
5069,NA
5067,NA
5074,NA
5073,NA
5072,NA
5078,NA
5083,NA
5080,NA
5085,NA
5077,NA
5084,NA
5090,NA
5092,NA
5082,NA
5091,NA
5087,NA
5093,NA
5081,NA
5102,NA
5114,NA
5094,NA
5103,NA
5101,NA
5107,NA
5119,NA
5104,NA
5109,NA
5112,NA
5117,NA
5099,NA
5118,NA
5106,NA
5110,NA
5111,NA
5120,NA
5121,NA
5123,NA
5124,NA
5127,NA
5126,NA
5125,NA
5113,NA
5130,NA
5129,NA
5138,NA
5128,NA
5131,NA
5134,NA
5137,NA
5143,NA
5140,NA
5139,NA
5135,NA
5146,NA
5148,NA
5151,NA
5136,NA
5147,NA
5159,NA
5152,NA
5162,NA
5161,NA
5150,NA
5156,NA
5155,NA
5158,NA
5170,NA
5165,NA
5169,NA
5157,NA
5177,NA
5167,NA
5173,NA
5168,NA
5166,NA
5183,NA
5178,NA
5180,NA
5179,NA
5172,NA
5182,NA
5181,NA
5187,NA
5189,NA
5186,NA
5191,NA
5188,NA
5196,NA
5190,NA
5201,NA
5197,NA
5195,NA
5192,NA
5211,NA
5204,NA
5203,NA
5206,NA
5212,NA
5218,NA
5205,NA
5215,NA
5213,NA
5229,NA
5223,NA
5220,NA
5222,NA
5226,NA
5238,NA
5236,NA
5231,NA
5230,NA
5237,NA
5232,NA
5240,NA
5233,NA
5239,NA
5242,NA
5246,NA
5228,NA
5249,NA
5245,NA
5257,NA
5247,NA
5244,NA
5252,NA
5250,NA
5253,NA
5256,NA
5261,NA
5260,NA
5258,NA
5267,NA
5262,NA
5259,NA
5265,NA
5280,NA
5279,NA
5264,NA
5281,NA
5269,NA
5277,NA
5282,NA
5278,NA
5283,NA
5274,NA
5301,NA
5296,NA
5299,NA
5293,NA
5292,NA
5302,NA
5303,NA
5298,NA
5304,NA
5305,NA
5308,NA
5309,NA
5312,NA
5311,NA
5306,NA
5307,NA
5310,NA
5315,NA
5314,NA
5322,NA
5316,NA
5319,NA
5317,NA
5323,NA
5320,NA
5324,NA
5329,NA
5330,NA
5331,NA
5333,NA
5332,NA
5334,NA
5339,NA
5343,NA
5346,NA
5353,NA
5351,NA
5356,NA
5355,NA
5363,NA
5362,NA
5361,NA
5365,NA
5372,NA
5369,NA
5371,NA
5375,NA
5376,NA
5378,NA
6765,NA
5388,NA
5387,NA
5389,NA
5386,NA
5390,NA
5391,NA
5393,NA
5397,NA
5395,NA
5398,NA
5401,NA
5403,NA
5405,NA
5406,NA
5407,NA
5408,NA
5411,NA
5412,NA
5413,NA
5414,NA
5415,NA
5416,NA
5417,NA
5420,NA
5427,NA
5426,NA
5429,NA
5433,NA
5432,NA
5438,NA
5436,NA
5443,NA
5441,NA
5445,NA
5442,NA
5439,NA
5449,NA
5447,NA
5450,NA
5451,NA
5446,NA
5452,NA
5456,NA
5454,NA
5458,NA
5459,NA
5461,NA
5462,NA
5463,NA
5464,NA
5465,NA
5466,NA
5468,NA
5467,NA
5490,NA
5483,NA
5482,NA
5485,NA
5491,NA
5492,NA
5504,NA
5507,NA
5509,NA
5516,NA
5527,NA
5530,NA
5528,NA
5523,NA
5532,NA
5539,NA
5542,NA
5541,NA
5546,NA
5550,NA
5561,NA
5562,NA
5563,NA
5567,NA
5571,NA
5589,NA
5574,NA
5579,NA
5588,NA
5593,NA
5599,NA
5601,NA
5595,NA
5602,NA
5592,NA
5610,NA
5607,NA
5616,NA
5611,NA
5624,NA
5625,NA
5620,NA
5633,NA
5670,NA
5657,NA
5669,NA
5658,NA
5667,NA
5680,NA
5684,NA
5695,NA
5692,NA
5693,NA
5722,NA
5712,NA
5721,NA
5727,NA
5725,NA
5726,NA
5739,NA
5744,NA
5745,NA
5747,NA
5743,NA
5758,NA
5770,NA
5762,NA
5773,NA
5776,NA
5777,NA
5779,NA
5797,NA
5803,NA
5796,NA
5804,NA
5813,NA
5810,NA
5818,NA
5819,NA
5837,NA
5829,NA
5845,NA
5841,NA
5852,NA
5840,NA
5859,NA
5858,NA
5863,NA
5882,NA
5885,NA
5881,NA
5889,NA
5909,NA
5922,NA
5931,NA
5930,NA
5934,NA
5939,NA
5937,NA
5941,NA
5946,NA
5943,NA
5954,NA
5951,NA
5959,NA
5969,NA
5965,NA
5963,NA
5968,NA
5974,NA
5975,NA
5982,NA
5985,NA
5984,NA
5995,NA
5991,NA
5997,NA
5993,NA
5999,NA
5998,NA
6005,NA
6008,NA
6011,NA
6015,NA
6012,NA
6018,NA
6019,NA
6023,NA
6025,NA
6022,NA
6029,NA
6028,NA
6034,NA
6036,NA
6040,NA
6041,NA
6038,NA
6043,NA
6044,NA
6047,NA
6048,NA
6051,NA
6052,NA
6054,NA
6053,NA
6061,NA
6059,NA
6060,NA
6065,NA
6068,NA
6071,NA
6070,NA
6072,NA
6069,NA
6077,NA
6075,NA
6078,NA
6084,NA
6085,NA
6083,NA
6094,NA
6097,NA
6092,NA
6096,NA
6095,NA
6099,NA
6109,NA
6105,NA
6110,NA
6104,NA
6115,NA
6119,NA
6121,NA
6126,NA
6123,NA
6125,NA
6127,NA
6130,NA
6128,NA
6135,NA
6134,NA
6136,NA
6137,NA
6138,NA
6143,NA
6144,NA
6149,NA
6146,NA
6148,NA
6155,NA
6151,NA
6154,NA
6156,NA
6162,NA
6163,NA
6161,NA
6168,NA
6169,NA
6164,NA
6165,NA
6170,NA
6166,NA
6172,NA
6171,NA
6174,NA
6177,NA
6181,NA
6178,NA
6186,NA
6184,NA
6185,NA
6195,NA
6194,NA
6183,NA
6201,NA
6188,NA
6189,NA
6206,NA
6202,NA
6200,NA
6204,NA
6207,NA
6212,NA
6222,NA
6225,NA
6218,NA
6210,NA
6215,NA
6224,NA
6220,NA
6216,NA
6223,NA
6211,NA
6219,NA
6227,NA
6238,NA
6230,NA
6244,NA
6233,NA
6240,NA
6236,NA
6234,NA
6239,NA
6241,NA
6246,NA
6255,NA
6256,NA
6251,NA
6263,NA
6258,NA
6243,NA
6259,NA
6260,NA
6268,NA
6247,NA
6269,NA
6265,NA
6266,NA
6277,NA
6282,NA
6272,NA
6275,NA
6280,NA
6283,NA
6279,NA
6264,NA
6290,NA
6276,NA
6294,NA
6285,NA
6296,NA
6287,NA
6286,NA
6289,NA
6291,NA
6293,NA
6298,NA
6295,NA
6292,NA
6312,NA
6305,NA
6307,NA
6306,NA
6315,NA
6313,NA
6308,NA
6319,NA
6320,NA
6325,NA
6311,NA
6318,NA
6322,NA
6324,NA
6327,NA
6328,NA
6330,NA
6331,NA
6337,NA
6339,NA
6342,NA
6326,NA
6340,NA
6336,NA
6332,NA
6341,NA
6347,NA
6344,NA
6349,NA
6351,NA
6356,NA
6355,NA
6358,NA
6359,NA
6357,NA
6352,NA
6360,NA
6373,NA
6361,NA
6368,NA
6365,NA
6371,NA
6366,NA
6370,NA
6378,NA
6369,NA
6381,NA
6388,NA
6391,NA
6389,NA
6394,NA
6395,NA
6396,NA
6387,NA
6383,NA
6386,NA
6406,NA
6407,NA
6405,NA
6408,NA
6410,NA
6412,NA
6421,NA
6411,NA
6409,NA
6414,NA
6422,NA
6415,NA
6420,NA
6424,NA
6423,NA
6426,NA
6428,NA
6440,NA
6431,NA
6436,NA
6427,NA
6443,NA
6439,NA
6441,NA
6444,NA
6447,NA
6442,NA
6449,NA
6456,NA
6454,NA
6455,NA
6459,NA
6463,NA
6473,NA
6464,NA
6468,NA
6458,NA
6469,NA
6465,NA
6467,NA
6466,NA
6474,NA
6476,NA
6481,NA
6472,NA
6480,NA
6479,NA
6482,NA
6485,NA
6483,NA
6493,NA
6494,NA
6489,NA
6495,NA
6504,NA
6498,NA
6500,NA
6512,NA
6511,NA
6502,NA
6506,NA
6507,NA
6510,NA
6501,NA
6513,NA
6517,NA
6516,NA
6518,NA
6514,NA
6515,NA
6521,NA
6522,NA
6524,NA
6529,NA
6532,NA
6520,NA
6525,NA
6536,NA
6526,NA
6535,NA
6528,NA
6523,NA
6545,NA
6544,NA
6534,NA
6542,NA
6539,NA
6547,NA
6546,NA
6549,NA
6550,NA
6555,NA
6553,NA
6564,NA
6552,NA
6565,NA
6570,NA
6567,NA
6566,NA
6569,NA
6579,NA
6574,NA
6578,NA
6576,NA
6581,NA
6586,NA
6583,NA
6585,NA
6580,NA
6588,NA
6584,NA
6593,NA
6589,NA
6595,NA
6591,NA
6599,NA
6592,NA
6594,NA
6601,NA
6603,NA
6598,NA
6600,NA
6607,NA
6602,NA
6606,NA
6605,NA
6611,NA
6626,NA
6627,NA
6618,NA
6625,NA
6629,NA
6628,NA
6624,NA
6632,NA
6637,NA
6640,NA
6641,NA
6631,NA
6652,NA
6639,NA
6636,NA
6646,NA
6650,NA
6644,NA
6655,NA
6666,NA
6662,NA
6668,NA
6670,NA
6667,NA
6654,NA
6664,NA
6665,NA
6671,NA
6672,NA
6678,NA
6673,NA
6680,NA
6687,NA
6683,NA
6686,NA
6688,NA
6689,NA
6693,NA
6696,NA
6697,NA
6709,NA
6706,NA
6708,NA
6713,NA
6715,NA
6716,NA
6718,NA
6720,NA
6722,NA
6725,NA
6728,NA
6730,NA
6732,NA
6737,NA
6744,NA
6740,NA
6746,NA
6739,NA
6745,NA
6752,NA
6751,NA
6754,NA
6753,